Copyright 1986-2022 Xilinx, Inc. All Rights Reserved. Copyright 2022-2025 Advanced Micro Devices, Inc. All Rights Reserved.
------------------------------------------------------------------------------------------------------------------------------------------------------------------------------------------------------------------------------------------
| Tool Version : Vivado v.2025.1 (win64) Build 6140274 Thu May 22 00:12:29 MDT 2025
| Date         : Thu Nov 13 12:01:10 2025
| Host         : Danials-Laptop running 64-bit major release  (build 9200)
| Command      : report_timing_summary -max_paths 10 -routable_nets -report_unconstrained -file tetris_top_timing_summary_routed.rpt -pb tetris_top_timing_summary_routed.pb -rpx tetris_top_timing_summary_routed.rpx -warn_on_violation
| Design       : tetris_top
| Device       : 7a100t-csg324
| Speed File   : -1  PRODUCTION 1.23 2018-06-13
| Design State : Routed
------------------------------------------------------------------------------------------------------------------------------------------------------------------------------------------------------------------------------------------

Timing Summary Report

------------------------------------------------------------------------------------------------
| Timer Settings
| --------------
------------------------------------------------------------------------------------------------

  Enable Multi Corner Analysis               :  Yes
  Enable Pessimism Removal                   :  Yes
  Pessimism Removal Resolution               :  Nearest Common Node
  Enable Input Delay Default Clock           :  No
  Enable Preset / Clear Arcs                 :  No
  Disable Flight Delays                      :  No
  Ignore I/O Paths                           :  No
  Timing Early Launch at Borrowing Latches   :  No
  Borrow Time for Max Delay Exceptions       :  Yes
  Merge Timing Exceptions                    :  Yes
  Inter-SLR Compensation                     :  Conservative

  Corner  Analyze    Analyze    
  Name    Max Paths  Min Paths  
  ------  ---------  ---------  
  Slow    Yes        Yes        
  Fast    Yes        Yes        


------------------------------------------------------------------------------------------------
| Report Methodology
| ------------------
------------------------------------------------------------------------------------------------

Rule       Severity  Description                                                  Violations  
---------  --------  -----------------------------------------------------------  ----------  
LUTAR-1    Warning   LUT drives async reset alert                                 1           
TIMING-30  Warning   Sub-optimal master source pin selection for generated clock  1           

Note: This report is based on the most recent report_methodology run and may not be up-to-date. Run report_methodology on the current design for the latest report.



check_timing report

Table of Contents
-----------------
1. checking no_clock (0)
2. checking constant_clock (0)
3. checking pulse_width_clock (0)
4. checking unconstrained_internal_endpoints (0)
5. checking no_input_delay (11)
6. checking no_output_delay (14)
7. checking multiple_clock (0)
8. checking generated_clocks (0)
9. checking loops (0)
10. checking partial_input_delay (0)
11. checking partial_output_delay (0)
12. checking latch_loops (0)

1. checking no_clock (0)
------------------------
 There are 0 register/latch pins with no clock.


2. checking constant_clock (0)
------------------------------
 There are 0 register/latch pins with constant_clock.


3. checking pulse_width_clock (0)
---------------------------------
 There are 0 register/latch pins which need pulse_width check


4. checking unconstrained_internal_endpoints (0)
------------------------------------------------
 There are 0 pins that are not constrained for maximum delay.

 There are 0 pins that are not constrained for maximum delay due to constant clock.


5. checking no_input_delay (11)
-------------------------------
 There are 11 input ports with no input delay specified. (HIGH)

 There are 0 input ports with no input delay but user has a false path constraint.


6. checking no_output_delay (14)
--------------------------------
 There are 14 ports with no output delay specified. (HIGH)

 There are 0 ports with no output delay but user has a false path constraint

 There are 0 ports with no output delay but with a timing clock defined on it or propagating through it


7. checking multiple_clock (0)
------------------------------
 There are 0 register/latch pins with multiple clocks.


8. checking generated_clocks (0)
--------------------------------
 There are 0 generated clocks that are not connected to a clock source.


9. checking loops (0)
---------------------
 There are 0 combinational loops in the design.


10. checking partial_input_delay (0)
------------------------------------
 There are 0 input ports with partial input delay specified.


11. checking partial_output_delay (0)
-------------------------------------
 There are 0 ports with partial output delay specified.


12. checking latch_loops (0)
----------------------------
 There are 0 combinational latch loops in the design through latch input



------------------------------------------------------------------------------------------------
| Design Timing Summary
| ---------------------
------------------------------------------------------------------------------------------------

    WNS(ns)      TNS(ns)  TNS Failing Endpoints  TNS Total Endpoints      WHS(ns)      THS(ns)  THS Failing Endpoints  THS Total Endpoints     WPWS(ns)     TPWS(ns)  TPWS Failing Endpoints  TPWS Total Endpoints  
    -------      -------  ---------------------  -------------------      -------      -------  ---------------------  -------------------     --------     --------  ----------------------  --------------------  
      0.289        0.000                      0                 6952        0.039        0.000                      0                 6952        3.000        0.000                       0                  3371  


All user specified timing constraints are met.


------------------------------------------------------------------------------------------------
| Clock Summary
| -------------
------------------------------------------------------------------------------------------------

Clock           Waveform(ns)       Period(ns)      Frequency(MHz)
-----           ------------       ----------      --------------
sys_clk_pin     {0.000 5.000}      10.000          100.000         
  clk_sys       {0.000 10.000}     20.000          50.000          
  clk_sys_mmcm  {0.000 10.000}     20.000          50.000          
  clkfb_mmcm    {0.000 5.000}      10.000          100.000         


------------------------------------------------------------------------------------------------
| Intra Clock Table
| -----------------
------------------------------------------------------------------------------------------------

Clock               WNS(ns)      TNS(ns)  TNS Failing Endpoints  TNS Total Endpoints      WHS(ns)      THS(ns)  THS Failing Endpoints  THS Total Endpoints     WPWS(ns)     TPWS(ns)  TPWS Failing Endpoints  TPWS Total Endpoints  
-----               -------      -------  ---------------------  -------------------      -------      -------  ---------------------  -------------------     --------     --------  ----------------------  --------------------  
sys_clk_pin                                                                                                                                                       3.000        0.000                       0                     1  
  clk_sys             0.289        0.000                      0                 6071        0.039        0.000                      0                 6071        9.500        0.000                       0                  3365  
  clk_sys_mmcm                                                                                                                                                   17.845        0.000                       0                     2  
  clkfb_mmcm                                                                                                                                                      7.845        0.000                       0                     3  


------------------------------------------------------------------------------------------------
| Inter Clock Table
| -----------------
------------------------------------------------------------------------------------------------

From Clock    To Clock          WNS(ns)      TNS(ns)  TNS Failing Endpoints  TNS Total Endpoints      WHS(ns)      THS(ns)  THS Failing Endpoints  THS Total Endpoints  
----------    --------          -------      -------  ---------------------  -------------------      -------      -------  ---------------------  -------------------  


------------------------------------------------------------------------------------------------
| Other Path Groups Table
| -----------------------
------------------------------------------------------------------------------------------------

Path Group         From Clock         To Clock               WNS(ns)      TNS(ns)  TNS Failing Endpoints  TNS Total Endpoints      WHS(ns)      THS(ns)  THS Failing Endpoints  THS Total Endpoints  
----------         ----------         --------               -------      -------  ---------------------  -------------------      -------      -------  ---------------------  -------------------  
**async_default**  clk_sys            clk_sys                  7.378        0.000                      0                  881        0.691        0.000                      0                  881  


------------------------------------------------------------------------------------------------
| User Ignored Path Table
| -----------------------
------------------------------------------------------------------------------------------------

Path Group    From Clock    To Clock    
----------    ----------    --------    


------------------------------------------------------------------------------------------------
| Unconstrained Path Table
| ------------------------
------------------------------------------------------------------------------------------------

Path Group    From Clock    To Clock    
----------    ----------    --------    
(none)        clk_sys                     
(none)                      clk_sys       


------------------------------------------------------------------------------------------------
| Timing Details
| --------------
------------------------------------------------------------------------------------------------


---------------------------------------------------------------------------------------------------
From Clock:  sys_clk_pin
  To Clock:  sys_clk_pin

Setup :           NA  Failing Endpoints,  Worst Slack           NA  ,  Total Violation           NA
Hold  :           NA  Failing Endpoints,  Worst Slack           NA  ,  Total Violation           NA
PW    :            0  Failing Endpoints,  Worst Slack        3.000ns,  Total Violation        0.000ns
---------------------------------------------------------------------------------------------------


Pulse Width Checks
--------------------------------------------------------------------------------------
Clock Name:         sys_clk_pin
Waveform(ns):       { 0.000 5.000 }
Period(ns):         10.000
Sources:            { i_clk }

Check Type        Corner  Lib Pin            Reference Pin  Required(ns)  Actual(ns)  Slack(ns)  Location         Pin
Min Period        n/a     MMCME2_ADV/CLKIN1  n/a            1.249         10.000      8.751      MMCME2_ADV_X1Y2  u_mmcm/CLKIN1
Max Period        n/a     MMCME2_ADV/CLKIN1  n/a            100.000       10.000      90.000     MMCME2_ADV_X1Y2  u_mmcm/CLKIN1
Low Pulse Width   Slow    MMCME2_ADV/CLKIN1  n/a            2.000         5.000       3.000      MMCME2_ADV_X1Y2  u_mmcm/CLKIN1
Low Pulse Width   Fast    MMCME2_ADV/CLKIN1  n/a            2.000         5.000       3.000      MMCME2_ADV_X1Y2  u_mmcm/CLKIN1
High Pulse Width  Slow    MMCME2_ADV/CLKIN1  n/a            2.000         5.000       3.000      MMCME2_ADV_X1Y2  u_mmcm/CLKIN1
High Pulse Width  Fast    MMCME2_ADV/CLKIN1  n/a            2.000         5.000       3.000      MMCME2_ADV_X1Y2  u_mmcm/CLKIN1



---------------------------------------------------------------------------------------------------
From Clock:  clk_sys
  To Clock:  clk_sys

Setup :            0  Failing Endpoints,  Worst Slack        0.289ns,  Total Violation        0.000ns
Hold  :            0  Failing Endpoints,  Worst Slack        0.039ns,  Total Violation        0.000ns
PW    :            0  Failing Endpoints,  Worst Slack        9.500ns,  Total Violation        0.000ns
---------------------------------------------------------------------------------------------------


Max Delay Paths
--------------------------------------------------------------------------------------
Slack (MET) :             0.289ns  (required time - arrival time)
  Source:                 u_tetris_ui_overlay/y_q2_reg[6]/C
                            (rising edge-triggered cell FDRE clocked by clk_sys  {rise@0.000ns fall@10.000ns period=20.000ns})
  Destination:            overlay_green_q_reg[1]/D
                            (rising edge-triggered cell FDCE clocked by clk_sys  {rise@0.000ns fall@10.000ns period=20.000ns})
  Path Group:             clk_sys
  Path Type:              Setup (Max at Slow Process Corner)
  Requirement:            20.000ns  (clk_sys rise@20.000ns - clk_sys rise@0.000ns)
  Data Path Delay:        19.607ns  (logic 5.470ns (27.899%)  route 14.137ns (72.101%))
  Logic Levels:           29  (CARRY4=8 LUT2=2 LUT3=3 LUT4=1 LUT5=2 LUT6=11 MUXF7=1 MUXF8=1)
  Clock Path Skew:        -0.047ns (DCD - SCD + CPR)
    Destination Clock Delay (DCD):    -1.516ns = ( 18.484 - 20.000 ) 
    Source Clock Delay      (SCD):    -0.910ns
    Clock Pessimism Removal (CPR):    0.559ns
  Clock Uncertainty:      0.089ns  ((TSJ^2 + DJ^2)^1/2) / 2 + PE
    Total System Jitter     (TSJ):    0.071ns
    Discrete Jitter          (DJ):    0.163ns
    Phase Error              (PE):    0.000ns

    Location             Delay type                Incr(ns)  Path(ns)    Netlist Resource(s)
  -------------------------------------------------------------------    -------------------
                         (clock clk_sys rise edge)    0.000     0.000 r  
    E3                                                0.000     0.000 r  i_clk (IN)
                         net (fo=0)                   0.000     0.000    i_clk
    E3                   IBUF (Prop_ibuf_I_O)         1.482     1.482 r  i_clk_IBUF_inst/O
                         net (fo=1, routed)           1.233     2.715    i_clk_IBUF
    MMCME2_ADV_X1Y2      MMCME2_ADV (Prop_mmcme2_adv_CLKIN1_CLKOUT0)
                                                     -7.070    -4.355 r  u_mmcm/CLKOUT0
                         net (fo=1, routed)           1.719    -2.636    clk_sys_mmcm
    BUFGCTRL_X0Y16       BUFG (Prop_bufg_I_O)         0.096    -2.540 r  u_clk_sys_buf/O
                         net (fo=3365, routed)        1.630    -0.910    u_tetris_ui_overlay/clk_sys
    SLICE_X62Y89         FDRE                                         r  u_tetris_ui_overlay/y_q2_reg[6]/C
  -------------------------------------------------------------------    -------------------
    SLICE_X62Y89         FDRE (Prop_fdre_C_Q)         0.518    -0.392 f  u_tetris_ui_overlay/y_q2_reg[6]/Q
                         net (fo=20, routed)          1.114     0.722    u_tetris_ui_overlay/y_q2[6]
    SLICE_X63Y89         LUT3 (Prop_lut3_I0_O)        0.124     0.846 r  u_tetris_ui_overlay/g0_b1_i_250/O
                         net (fo=97, routed)          1.008     1.854    u_tetris_ui_overlay/g0_b1_i_250_n_0
    SLICE_X62Y92         LUT5 (Prop_lut5_I0_O)        0.146     2.000 r  u_tetris_ui_overlay/g0_b1_i_103/O
                         net (fo=18, routed)          0.963     2.964    u_tetris_ui_overlay/g0_b1_i_937_n_0
    SLICE_X64Y91         LUT2 (Prop_lut2_I0_O)        0.328     3.292 f  u_tetris_ui_overlay/g0_b1_i_30/O
                         net (fo=61, routed)          0.717     4.009    u_tetris_ui_overlay/g0_b1_i_30_n_0
    SLICE_X64Y89         LUT3 (Prop_lut3_I2_O)        0.124     4.133 r  u_tetris_ui_overlay/g0_b1_i_247/O
                         net (fo=17, routed)          0.729     4.862    u_tetris_ui_overlay/g0_b1_i_247_n_0
    SLICE_X64Y97         LUT2 (Prop_lut2_I1_O)        0.124     4.986 r  u_tetris_ui_overlay/g0_b1_i_634/O
                         net (fo=1, routed)           0.000     4.986    u_tetris_ui_overlay/g0_b1_i_634_n_0
    SLICE_X64Y97         CARRY4 (Prop_carry4_S[1]_CO[3])
                                                      0.550     5.536 r  u_tetris_ui_overlay/g0_b1_i_350/CO[3]
                         net (fo=1, routed)           0.000     5.536    u_tetris_ui_overlay/g0_b1_i_350_n_0
    SLICE_X64Y98         CARRY4 (Prop_carry4_CI_CO[3])
                                                      0.114     5.650 r  u_tetris_ui_overlay/g0_b1_i_794/CO[3]
                         net (fo=1, routed)           0.000     5.650    u_tetris_ui_overlay/g0_b1_i_794_n_0
    SLICE_X64Y99         CARRY4 (Prop_carry4_CI_CO[3])
                                                      0.114     5.764 r  u_tetris_ui_overlay/g0_b1_i_626/CO[3]
                         net (fo=1, routed)           0.001     5.765    u_tetris_ui_overlay/g0_b1_i_626_n_0
    SLICE_X64Y100        CARRY4 (Prop_carry4_CI_CO[3])
                                                      0.114     5.879 r  u_tetris_ui_overlay/g0_b1_i_939/CO[3]
                         net (fo=1, routed)           0.000     5.879    u_tetris_ui_overlay/g0_b1_i_939_n_0
    SLICE_X64Y101        CARRY4 (Prop_carry4_CI_CO[3])
                                                      0.114     5.993 r  u_tetris_ui_overlay/g0_b1_i_795/CO[3]
                         net (fo=1, routed)           0.000     5.993    u_tetris_ui_overlay/g0_b1_i_795_n_0
    SLICE_X64Y102        CARRY4 (Prop_carry4_CI_CO[3])
                                                      0.114     6.107 r  u_tetris_ui_overlay/g0_b1_i_793/CO[3]
                         net (fo=1, routed)           0.000     6.107    u_tetris_ui_overlay/g0_b1_i_793_n_0
    SLICE_X64Y103        CARRY4 (Prop_carry4_CI_CO[3])
                                                      0.114     6.221 r  u_tetris_ui_overlay/g0_b1_i_627/CO[3]
                         net (fo=1, routed)           0.000     6.221    u_tetris_ui_overlay/g0_b1_i_627_n_0
    SLICE_X64Y104        CARRY4 (Prop_carry4_CI_CO[1])
                                                      0.157     6.378 r  u_tetris_ui_overlay/g0_b1_i_628/CO[1]
                         net (fo=2, routed)           0.608     6.986    u_tetris_ui_overlay/g0_b1_i_628_n_2
    SLICE_X62Y102        LUT4 (Prop_lut4_I2_O)        0.329     7.315 f  u_tetris_ui_overlay/g0_b1_i_1102/O
                         net (fo=1, routed)           0.432     7.747    u_tetris_ui_overlay/g0_b1_i_1102_n_0
    SLICE_X62Y101        LUT5 (Prop_lut5_I4_O)        0.124     7.871 f  u_tetris_ui_overlay/g0_b1_i_792/O
                         net (fo=1, routed)           0.643     8.514    u_tetris_ui_overlay/g0_b1_i_792_n_0
    SLICE_X63Y101        LUT6 (Prop_lut6_I0_O)        0.124     8.638 f  u_tetris_ui_overlay/g0_b1_i_495/O
                         net (fo=6, routed)           0.968     9.606    u_tetris_ui_overlay/g0_b1_i_495_n_0
    SLICE_X69Y95         LUT3 (Prop_lut3_I2_O)        0.150     9.756 r  u_tetris_ui_overlay/g0_b1_i_508/O
                         net (fo=2, routed)           0.630    10.386    u_tetris_ui_overlay/g0_b1_i_508_n_0
    SLICE_X68Y95         LUT6 (Prop_lut6_I0_O)        0.332    10.718 r  u_tetris_ui_overlay/g0_b1_i_379/O
                         net (fo=1, routed)           0.698    11.416    u_tetris_ui_overlay/g0_b1_i_379_n_0
    SLICE_X64Y92         LUT6 (Prop_lut6_I1_O)        0.124    11.540 r  u_tetris_ui_overlay/g0_b1_i_171/O
                         net (fo=1, routed)           0.161    11.701    u_tetris_ui_overlay/g0_b1_i_171_n_0
    SLICE_X64Y92         LUT6 (Prop_lut6_I1_O)        0.124    11.825 f  u_tetris_ui_overlay/g0_b1_i_60/O
                         net (fo=1, routed)           0.551    12.376    u_tetris_ui_overlay/g0_b1_i_60_n_0
    SLICE_X72Y92         LUT6 (Prop_lut6_I0_O)        0.124    12.500 r  u_tetris_ui_overlay/g0_b1_i_14/O
                         net (fo=1, routed)           0.488    12.988    u_tetris_ui_overlay/g0_b1_i_14_n_0
    SLICE_X72Y92         LUT6 (Prop_lut6_I0_O)        0.124    13.112 r  u_tetris_ui_overlay/g0_b1_i_3/O
                         net (fo=79, routed)          1.360    14.472    u_tetris_ui_overlay/char_code[2]
    SLICE_X77Y96         LUT6 (Prop_lut6_I2_O)        0.124    14.595 r  u_tetris_ui_overlay/g1_b52/O
                         net (fo=1, routed)           0.612    15.208    u_tetris_ui_overlay/g1_b52_n_0
    SLICE_X76Y95         LUT6 (Prop_lut6_I0_O)        0.124    15.332 r  u_tetris_ui_overlay/overlay_red_q[3]_i_121/O
                         net (fo=1, routed)           0.000    15.332    u_tetris_ui_overlay/overlay_red_q[3]_i_121_n_0
    SLICE_X76Y95         MUXF7 (Prop_muxf7_I1_O)      0.247    15.579 r  u_tetris_ui_overlay/overlay_red_q_reg[3]_i_50/O
                         net (fo=1, routed)           0.000    15.579    u_tetris_ui_overlay/overlay_red_q_reg[3]_i_50_n_0
    SLICE_X76Y95         MUXF8 (Prop_muxf8_I0_O)      0.098    15.677 r  u_tetris_ui_overlay/overlay_red_q_reg[3]_i_23/O
                         net (fo=1, routed)           0.736    16.413    u_tetris_ui_overlay/overlay_red_q_reg[3]_i_23_n_0
    SLICE_X72Y94         LUT6 (Prop_lut6_I5_O)        0.319    16.732 f  u_tetris_ui_overlay/overlay_red_q[3]_i_9/O
                         net (fo=1, routed)           1.118    17.850    u_tetris_ui_overlay/overlay_red_q[3]_i_9_n_0
    SLICE_X56Y93         LUT6 (Prop_lut6_I5_O)        0.124    17.974 f  u_tetris_ui_overlay/overlay_red_q[3]_i_3/O
                         net (fo=12, routed)          0.599    18.573    u_tetris_ui_overlay/overlay_red_q[3]_i_3_n_0
    SLICE_X57Y92         LUT6 (Prop_lut6_I5_O)        0.124    18.697 r  u_tetris_ui_overlay/overlay_green_q[1]_i_1/O
                         net (fo=1, routed)           0.000    18.697    overlay_green[1]
    SLICE_X57Y92         FDCE                                         r  overlay_green_q_reg[1]/D
  -------------------------------------------------------------------    -------------------

                         (clock clk_sys rise edge)   20.000    20.000 r  
    E3                                                0.000    20.000 r  i_clk (IN)
                         net (fo=0)                   0.000    20.000    i_clk
    E3                   IBUF (Prop_ibuf_I_O)         1.411    21.411 r  i_clk_IBUF_inst/O
                         net (fo=1, routed)           1.162    22.573    i_clk_IBUF
    MMCME2_ADV_X1Y2      MMCME2_ADV (Prop_mmcme2_adv_CLKIN1_CLKOUT0)
                                                     -7.324    15.249 r  u_mmcm/CLKOUT0
                         net (fo=1, routed)           1.639    16.888    clk_sys_mmcm
    BUFGCTRL_X0Y16       BUFG (Prop_bufg_I_O)         0.091    16.979 r  u_clk_sys_buf/O
                         net (fo=3365, routed)        1.504    18.484    clk_sys
    SLICE_X57Y92         FDCE                                         r  overlay_green_q_reg[1]/C
                         clock pessimism              0.559    19.043    
                         clock uncertainty           -0.089    18.955    
    SLICE_X57Y92         FDCE (Setup_fdce_C_D)        0.031    18.986    overlay_green_q_reg[1]
  -------------------------------------------------------------------
                         required time                         18.986    
                         arrival time                         -18.697    
  -------------------------------------------------------------------
                         slack                                  0.289    

Slack (MET) :             0.308ns  (required time - arrival time)
  Source:                 u_tetris_ui_overlay/y_q2_reg[6]/C
                            (rising edge-triggered cell FDRE clocked by clk_sys  {rise@0.000ns fall@10.000ns period=20.000ns})
  Destination:            overlay_blue_q_reg[3]/D
                            (rising edge-triggered cell FDCE clocked by clk_sys  {rise@0.000ns fall@10.000ns period=20.000ns})
  Path Group:             clk_sys
  Path Type:              Setup (Max at Slow Process Corner)
  Requirement:            20.000ns  (clk_sys rise@20.000ns - clk_sys rise@0.000ns)
  Data Path Delay:        19.634ns  (logic 5.470ns (27.860%)  route 14.164ns (72.140%))
  Logic Levels:           29  (CARRY4=8 LUT2=2 LUT3=3 LUT4=1 LUT5=3 LUT6=10 MUXF7=1 MUXF8=1)
  Clock Path Skew:        -0.046ns (DCD - SCD + CPR)
    Destination Clock Delay (DCD):    -1.515ns = ( 18.485 - 20.000 ) 
    Source Clock Delay      (SCD):    -0.910ns
    Clock Pessimism Removal (CPR):    0.559ns
  Clock Uncertainty:      0.089ns  ((TSJ^2 + DJ^2)^1/2) / 2 + PE
    Total System Jitter     (TSJ):    0.071ns
    Discrete Jitter          (DJ):    0.163ns
    Phase Error              (PE):    0.000ns

    Location             Delay type                Incr(ns)  Path(ns)    Netlist Resource(s)
  -------------------------------------------------------------------    -------------------
                         (clock clk_sys rise edge)    0.000     0.000 r  
    E3                                                0.000     0.000 r  i_clk (IN)
                         net (fo=0)                   0.000     0.000    i_clk
    E3                   IBUF (Prop_ibuf_I_O)         1.482     1.482 r  i_clk_IBUF_inst/O
                         net (fo=1, routed)           1.233     2.715    i_clk_IBUF
    MMCME2_ADV_X1Y2      MMCME2_ADV (Prop_mmcme2_adv_CLKIN1_CLKOUT0)
                                                     -7.070    -4.355 r  u_mmcm/CLKOUT0
                         net (fo=1, routed)           1.719    -2.636    clk_sys_mmcm
    BUFGCTRL_X0Y16       BUFG (Prop_bufg_I_O)         0.096    -2.540 r  u_clk_sys_buf/O
                         net (fo=3365, routed)        1.630    -0.910    u_tetris_ui_overlay/clk_sys
    SLICE_X62Y89         FDRE                                         r  u_tetris_ui_overlay/y_q2_reg[6]/C
  -------------------------------------------------------------------    -------------------
    SLICE_X62Y89         FDRE (Prop_fdre_C_Q)         0.518    -0.392 f  u_tetris_ui_overlay/y_q2_reg[6]/Q
                         net (fo=20, routed)          1.114     0.722    u_tetris_ui_overlay/y_q2[6]
    SLICE_X63Y89         LUT3 (Prop_lut3_I0_O)        0.124     0.846 r  u_tetris_ui_overlay/g0_b1_i_250/O
                         net (fo=97, routed)          1.008     1.854    u_tetris_ui_overlay/g0_b1_i_250_n_0
    SLICE_X62Y92         LUT5 (Prop_lut5_I0_O)        0.146     2.000 r  u_tetris_ui_overlay/g0_b1_i_103/O
                         net (fo=18, routed)          0.963     2.964    u_tetris_ui_overlay/g0_b1_i_937_n_0
    SLICE_X64Y91         LUT2 (Prop_lut2_I0_O)        0.328     3.292 f  u_tetris_ui_overlay/g0_b1_i_30/O
                         net (fo=61, routed)          0.717     4.009    u_tetris_ui_overlay/g0_b1_i_30_n_0
    SLICE_X64Y89         LUT3 (Prop_lut3_I2_O)        0.124     4.133 r  u_tetris_ui_overlay/g0_b1_i_247/O
                         net (fo=17, routed)          0.729     4.862    u_tetris_ui_overlay/g0_b1_i_247_n_0
    SLICE_X64Y97         LUT2 (Prop_lut2_I1_O)        0.124     4.986 r  u_tetris_ui_overlay/g0_b1_i_634/O
                         net (fo=1, routed)           0.000     4.986    u_tetris_ui_overlay/g0_b1_i_634_n_0
    SLICE_X64Y97         CARRY4 (Prop_carry4_S[1]_CO[3])
                                                      0.550     5.536 r  u_tetris_ui_overlay/g0_b1_i_350/CO[3]
                         net (fo=1, routed)           0.000     5.536    u_tetris_ui_overlay/g0_b1_i_350_n_0
    SLICE_X64Y98         CARRY4 (Prop_carry4_CI_CO[3])
                                                      0.114     5.650 r  u_tetris_ui_overlay/g0_b1_i_794/CO[3]
                         net (fo=1, routed)           0.000     5.650    u_tetris_ui_overlay/g0_b1_i_794_n_0
    SLICE_X64Y99         CARRY4 (Prop_carry4_CI_CO[3])
                                                      0.114     5.764 r  u_tetris_ui_overlay/g0_b1_i_626/CO[3]
                         net (fo=1, routed)           0.001     5.765    u_tetris_ui_overlay/g0_b1_i_626_n_0
    SLICE_X64Y100        CARRY4 (Prop_carry4_CI_CO[3])
                                                      0.114     5.879 r  u_tetris_ui_overlay/g0_b1_i_939/CO[3]
                         net (fo=1, routed)           0.000     5.879    u_tetris_ui_overlay/g0_b1_i_939_n_0
    SLICE_X64Y101        CARRY4 (Prop_carry4_CI_CO[3])
                                                      0.114     5.993 r  u_tetris_ui_overlay/g0_b1_i_795/CO[3]
                         net (fo=1, routed)           0.000     5.993    u_tetris_ui_overlay/g0_b1_i_795_n_0
    SLICE_X64Y102        CARRY4 (Prop_carry4_CI_CO[3])
                                                      0.114     6.107 r  u_tetris_ui_overlay/g0_b1_i_793/CO[3]
                         net (fo=1, routed)           0.000     6.107    u_tetris_ui_overlay/g0_b1_i_793_n_0
    SLICE_X64Y103        CARRY4 (Prop_carry4_CI_CO[3])
                                                      0.114     6.221 r  u_tetris_ui_overlay/g0_b1_i_627/CO[3]
                         net (fo=1, routed)           0.000     6.221    u_tetris_ui_overlay/g0_b1_i_627_n_0
    SLICE_X64Y104        CARRY4 (Prop_carry4_CI_CO[1])
                                                      0.157     6.378 r  u_tetris_ui_overlay/g0_b1_i_628/CO[1]
                         net (fo=2, routed)           0.608     6.986    u_tetris_ui_overlay/g0_b1_i_628_n_2
    SLICE_X62Y102        LUT4 (Prop_lut4_I2_O)        0.329     7.315 f  u_tetris_ui_overlay/g0_b1_i_1102/O
                         net (fo=1, routed)           0.432     7.747    u_tetris_ui_overlay/g0_b1_i_1102_n_0
    SLICE_X62Y101        LUT5 (Prop_lut5_I4_O)        0.124     7.871 f  u_tetris_ui_overlay/g0_b1_i_792/O
                         net (fo=1, routed)           0.643     8.514    u_tetris_ui_overlay/g0_b1_i_792_n_0
    SLICE_X63Y101        LUT6 (Prop_lut6_I0_O)        0.124     8.638 f  u_tetris_ui_overlay/g0_b1_i_495/O
                         net (fo=6, routed)           0.968     9.606    u_tetris_ui_overlay/g0_b1_i_495_n_0
    SLICE_X69Y95         LUT3 (Prop_lut3_I2_O)        0.150     9.756 r  u_tetris_ui_overlay/g0_b1_i_508/O
                         net (fo=2, routed)           0.630    10.386    u_tetris_ui_overlay/g0_b1_i_508_n_0
    SLICE_X68Y95         LUT6 (Prop_lut6_I0_O)        0.332    10.718 r  u_tetris_ui_overlay/g0_b1_i_379/O
                         net (fo=1, routed)           0.698    11.416    u_tetris_ui_overlay/g0_b1_i_379_n_0
    SLICE_X64Y92         LUT6 (Prop_lut6_I1_O)        0.124    11.540 r  u_tetris_ui_overlay/g0_b1_i_171/O
                         net (fo=1, routed)           0.161    11.701    u_tetris_ui_overlay/g0_b1_i_171_n_0
    SLICE_X64Y92         LUT6 (Prop_lut6_I1_O)        0.124    11.825 f  u_tetris_ui_overlay/g0_b1_i_60/O
                         net (fo=1, routed)           0.551    12.376    u_tetris_ui_overlay/g0_b1_i_60_n_0
    SLICE_X72Y92         LUT6 (Prop_lut6_I0_O)        0.124    12.500 r  u_tetris_ui_overlay/g0_b1_i_14/O
                         net (fo=1, routed)           0.488    12.988    u_tetris_ui_overlay/g0_b1_i_14_n_0
    SLICE_X72Y92         LUT6 (Prop_lut6_I0_O)        0.124    13.112 r  u_tetris_ui_overlay/g0_b1_i_3/O
                         net (fo=79, routed)          1.360    14.472    u_tetris_ui_overlay/char_code[2]
    SLICE_X77Y96         LUT6 (Prop_lut6_I2_O)        0.124    14.595 f  u_tetris_ui_overlay/g1_b52/O
                         net (fo=1, routed)           0.612    15.208    u_tetris_ui_overlay/g1_b52_n_0
    SLICE_X76Y95         LUT6 (Prop_lut6_I0_O)        0.124    15.332 f  u_tetris_ui_overlay/overlay_red_q[3]_i_121/O
                         net (fo=1, routed)           0.000    15.332    u_tetris_ui_overlay/overlay_red_q[3]_i_121_n_0
    SLICE_X76Y95         MUXF7 (Prop_muxf7_I1_O)      0.247    15.579 f  u_tetris_ui_overlay/overlay_red_q_reg[3]_i_50/O
                         net (fo=1, routed)           0.000    15.579    u_tetris_ui_overlay/overlay_red_q_reg[3]_i_50_n_0
    SLICE_X76Y95         MUXF8 (Prop_muxf8_I0_O)      0.098    15.677 f  u_tetris_ui_overlay/overlay_red_q_reg[3]_i_23/O
                         net (fo=1, routed)           0.736    16.413    u_tetris_ui_overlay/overlay_red_q_reg[3]_i_23_n_0
    SLICE_X72Y94         LUT6 (Prop_lut6_I5_O)        0.319    16.732 r  u_tetris_ui_overlay/overlay_red_q[3]_i_9/O
                         net (fo=1, routed)           1.118    17.850    u_tetris_ui_overlay/overlay_red_q[3]_i_9_n_0
    SLICE_X56Y93         LUT6 (Prop_lut6_I5_O)        0.124    17.974 r  u_tetris_ui_overlay/overlay_red_q[3]_i_3/O
                         net (fo=12, routed)          0.626    18.600    u_tetris_ui_overlay/overlay_red_q[3]_i_3_n_0
    SLICE_X56Y93         LUT5 (Prop_lut5_I2_O)        0.124    18.724 r  u_tetris_ui_overlay/overlay_blue_q[3]_i_1/O
                         net (fo=1, routed)           0.000    18.724    overlay_blue[3]
    SLICE_X56Y93         FDCE                                         r  overlay_blue_q_reg[3]/D
  -------------------------------------------------------------------    -------------------

                         (clock clk_sys rise edge)   20.000    20.000 r  
    E3                                                0.000    20.000 r  i_clk (IN)
                         net (fo=0)                   0.000    20.000    i_clk
    E3                   IBUF (Prop_ibuf_I_O)         1.411    21.411 r  i_clk_IBUF_inst/O
                         net (fo=1, routed)           1.162    22.573    i_clk_IBUF
    MMCME2_ADV_X1Y2      MMCME2_ADV (Prop_mmcme2_adv_CLKIN1_CLKOUT0)
                                                     -7.324    15.249 r  u_mmcm/CLKOUT0
                         net (fo=1, routed)           1.639    16.888    clk_sys_mmcm
    BUFGCTRL_X0Y16       BUFG (Prop_bufg_I_O)         0.091    16.979 r  u_clk_sys_buf/O
                         net (fo=3365, routed)        1.505    18.485    clk_sys
    SLICE_X56Y93         FDCE                                         r  overlay_blue_q_reg[3]/C
                         clock pessimism              0.559    19.044    
                         clock uncertainty           -0.089    18.956    
    SLICE_X56Y93         FDCE (Setup_fdce_C_D)        0.077    19.033    overlay_blue_q_reg[3]
  -------------------------------------------------------------------
                         required time                         19.033    
                         arrival time                         -18.724    
  -------------------------------------------------------------------
                         slack                                  0.308    

Slack (MET) :             0.315ns  (required time - arrival time)
  Source:                 u_tetris_ui_overlay/y_q2_reg[6]/C
                            (rising edge-triggered cell FDRE clocked by clk_sys  {rise@0.000ns fall@10.000ns period=20.000ns})
  Destination:            overlay_green_q_reg[3]/D
                            (rising edge-triggered cell FDCE clocked by clk_sys  {rise@0.000ns fall@10.000ns period=20.000ns})
  Path Group:             clk_sys
  Path Type:              Setup (Max at Slow Process Corner)
  Requirement:            20.000ns  (clk_sys rise@20.000ns - clk_sys rise@0.000ns)
  Data Path Delay:        19.631ns  (logic 5.470ns (27.864%)  route 14.161ns (72.136%))
  Logic Levels:           29  (CARRY4=8 LUT2=2 LUT3=3 LUT4=1 LUT5=2 LUT6=11 MUXF7=1 MUXF8=1)
  Clock Path Skew:        -0.046ns (DCD - SCD + CPR)
    Destination Clock Delay (DCD):    -1.515ns = ( 18.485 - 20.000 ) 
    Source Clock Delay      (SCD):    -0.910ns
    Clock Pessimism Removal (CPR):    0.559ns
  Clock Uncertainty:      0.089ns  ((TSJ^2 + DJ^2)^1/2) / 2 + PE
    Total System Jitter     (TSJ):    0.071ns
    Discrete Jitter          (DJ):    0.163ns
    Phase Error              (PE):    0.000ns

    Location             Delay type                Incr(ns)  Path(ns)    Netlist Resource(s)
  -------------------------------------------------------------------    -------------------
                         (clock clk_sys rise edge)    0.000     0.000 r  
    E3                                                0.000     0.000 r  i_clk (IN)
                         net (fo=0)                   0.000     0.000    i_clk
    E3                   IBUF (Prop_ibuf_I_O)         1.482     1.482 r  i_clk_IBUF_inst/O
                         net (fo=1, routed)           1.233     2.715    i_clk_IBUF
    MMCME2_ADV_X1Y2      MMCME2_ADV (Prop_mmcme2_adv_CLKIN1_CLKOUT0)
                                                     -7.070    -4.355 r  u_mmcm/CLKOUT0
                         net (fo=1, routed)           1.719    -2.636    clk_sys_mmcm
    BUFGCTRL_X0Y16       BUFG (Prop_bufg_I_O)         0.096    -2.540 r  u_clk_sys_buf/O
                         net (fo=3365, routed)        1.630    -0.910    u_tetris_ui_overlay/clk_sys
    SLICE_X62Y89         FDRE                                         r  u_tetris_ui_overlay/y_q2_reg[6]/C
  -------------------------------------------------------------------    -------------------
    SLICE_X62Y89         FDRE (Prop_fdre_C_Q)         0.518    -0.392 f  u_tetris_ui_overlay/y_q2_reg[6]/Q
                         net (fo=20, routed)          1.114     0.722    u_tetris_ui_overlay/y_q2[6]
    SLICE_X63Y89         LUT3 (Prop_lut3_I0_O)        0.124     0.846 r  u_tetris_ui_overlay/g0_b1_i_250/O
                         net (fo=97, routed)          1.008     1.854    u_tetris_ui_overlay/g0_b1_i_250_n_0
    SLICE_X62Y92         LUT5 (Prop_lut5_I0_O)        0.146     2.000 r  u_tetris_ui_overlay/g0_b1_i_103/O
                         net (fo=18, routed)          0.963     2.964    u_tetris_ui_overlay/g0_b1_i_937_n_0
    SLICE_X64Y91         LUT2 (Prop_lut2_I0_O)        0.328     3.292 f  u_tetris_ui_overlay/g0_b1_i_30/O
                         net (fo=61, routed)          0.717     4.009    u_tetris_ui_overlay/g0_b1_i_30_n_0
    SLICE_X64Y89         LUT3 (Prop_lut3_I2_O)        0.124     4.133 r  u_tetris_ui_overlay/g0_b1_i_247/O
                         net (fo=17, routed)          0.729     4.862    u_tetris_ui_overlay/g0_b1_i_247_n_0
    SLICE_X64Y97         LUT2 (Prop_lut2_I1_O)        0.124     4.986 r  u_tetris_ui_overlay/g0_b1_i_634/O
                         net (fo=1, routed)           0.000     4.986    u_tetris_ui_overlay/g0_b1_i_634_n_0
    SLICE_X64Y97         CARRY4 (Prop_carry4_S[1]_CO[3])
                                                      0.550     5.536 r  u_tetris_ui_overlay/g0_b1_i_350/CO[3]
                         net (fo=1, routed)           0.000     5.536    u_tetris_ui_overlay/g0_b1_i_350_n_0
    SLICE_X64Y98         CARRY4 (Prop_carry4_CI_CO[3])
                                                      0.114     5.650 r  u_tetris_ui_overlay/g0_b1_i_794/CO[3]
                         net (fo=1, routed)           0.000     5.650    u_tetris_ui_overlay/g0_b1_i_794_n_0
    SLICE_X64Y99         CARRY4 (Prop_carry4_CI_CO[3])
                                                      0.114     5.764 r  u_tetris_ui_overlay/g0_b1_i_626/CO[3]
                         net (fo=1, routed)           0.001     5.765    u_tetris_ui_overlay/g0_b1_i_626_n_0
    SLICE_X64Y100        CARRY4 (Prop_carry4_CI_CO[3])
                                                      0.114     5.879 r  u_tetris_ui_overlay/g0_b1_i_939/CO[3]
                         net (fo=1, routed)           0.000     5.879    u_tetris_ui_overlay/g0_b1_i_939_n_0
    SLICE_X64Y101        CARRY4 (Prop_carry4_CI_CO[3])
                                                      0.114     5.993 r  u_tetris_ui_overlay/g0_b1_i_795/CO[3]
                         net (fo=1, routed)           0.000     5.993    u_tetris_ui_overlay/g0_b1_i_795_n_0
    SLICE_X64Y102        CARRY4 (Prop_carry4_CI_CO[3])
                                                      0.114     6.107 r  u_tetris_ui_overlay/g0_b1_i_793/CO[3]
                         net (fo=1, routed)           0.000     6.107    u_tetris_ui_overlay/g0_b1_i_793_n_0
    SLICE_X64Y103        CARRY4 (Prop_carry4_CI_CO[3])
                                                      0.114     6.221 r  u_tetris_ui_overlay/g0_b1_i_627/CO[3]
                         net (fo=1, routed)           0.000     6.221    u_tetris_ui_overlay/g0_b1_i_627_n_0
    SLICE_X64Y104        CARRY4 (Prop_carry4_CI_CO[1])
                                                      0.157     6.378 r  u_tetris_ui_overlay/g0_b1_i_628/CO[1]
                         net (fo=2, routed)           0.608     6.986    u_tetris_ui_overlay/g0_b1_i_628_n_2
    SLICE_X62Y102        LUT4 (Prop_lut4_I2_O)        0.329     7.315 f  u_tetris_ui_overlay/g0_b1_i_1102/O
                         net (fo=1, routed)           0.432     7.747    u_tetris_ui_overlay/g0_b1_i_1102_n_0
    SLICE_X62Y101        LUT5 (Prop_lut5_I4_O)        0.124     7.871 f  u_tetris_ui_overlay/g0_b1_i_792/O
                         net (fo=1, routed)           0.643     8.514    u_tetris_ui_overlay/g0_b1_i_792_n_0
    SLICE_X63Y101        LUT6 (Prop_lut6_I0_O)        0.124     8.638 f  u_tetris_ui_overlay/g0_b1_i_495/O
                         net (fo=6, routed)           0.968     9.606    u_tetris_ui_overlay/g0_b1_i_495_n_0
    SLICE_X69Y95         LUT3 (Prop_lut3_I2_O)        0.150     9.756 r  u_tetris_ui_overlay/g0_b1_i_508/O
                         net (fo=2, routed)           0.630    10.386    u_tetris_ui_overlay/g0_b1_i_508_n_0
    SLICE_X68Y95         LUT6 (Prop_lut6_I0_O)        0.332    10.718 r  u_tetris_ui_overlay/g0_b1_i_379/O
                         net (fo=1, routed)           0.698    11.416    u_tetris_ui_overlay/g0_b1_i_379_n_0
    SLICE_X64Y92         LUT6 (Prop_lut6_I1_O)        0.124    11.540 r  u_tetris_ui_overlay/g0_b1_i_171/O
                         net (fo=1, routed)           0.161    11.701    u_tetris_ui_overlay/g0_b1_i_171_n_0
    SLICE_X64Y92         LUT6 (Prop_lut6_I1_O)        0.124    11.825 f  u_tetris_ui_overlay/g0_b1_i_60/O
                         net (fo=1, routed)           0.551    12.376    u_tetris_ui_overlay/g0_b1_i_60_n_0
    SLICE_X72Y92         LUT6 (Prop_lut6_I0_O)        0.124    12.500 r  u_tetris_ui_overlay/g0_b1_i_14/O
                         net (fo=1, routed)           0.488    12.988    u_tetris_ui_overlay/g0_b1_i_14_n_0
    SLICE_X72Y92         LUT6 (Prop_lut6_I0_O)        0.124    13.112 r  u_tetris_ui_overlay/g0_b1_i_3/O
                         net (fo=79, routed)          1.360    14.472    u_tetris_ui_overlay/char_code[2]
    SLICE_X77Y96         LUT6 (Prop_lut6_I2_O)        0.124    14.595 r  u_tetris_ui_overlay/g1_b52/O
                         net (fo=1, routed)           0.612    15.208    u_tetris_ui_overlay/g1_b52_n_0
    SLICE_X76Y95         LUT6 (Prop_lut6_I0_O)        0.124    15.332 r  u_tetris_ui_overlay/overlay_red_q[3]_i_121/O
                         net (fo=1, routed)           0.000    15.332    u_tetris_ui_overlay/overlay_red_q[3]_i_121_n_0
    SLICE_X76Y95         MUXF7 (Prop_muxf7_I1_O)      0.247    15.579 r  u_tetris_ui_overlay/overlay_red_q_reg[3]_i_50/O
                         net (fo=1, routed)           0.000    15.579    u_tetris_ui_overlay/overlay_red_q_reg[3]_i_50_n_0
    SLICE_X76Y95         MUXF8 (Prop_muxf8_I0_O)      0.098    15.677 r  u_tetris_ui_overlay/overlay_red_q_reg[3]_i_23/O
                         net (fo=1, routed)           0.736    16.413    u_tetris_ui_overlay/overlay_red_q_reg[3]_i_23_n_0
    SLICE_X72Y94         LUT6 (Prop_lut6_I5_O)        0.319    16.732 f  u_tetris_ui_overlay/overlay_red_q[3]_i_9/O
                         net (fo=1, routed)           1.118    17.850    u_tetris_ui_overlay/overlay_red_q[3]_i_9_n_0
    SLICE_X56Y93         LUT6 (Prop_lut6_I5_O)        0.124    17.974 f  u_tetris_ui_overlay/overlay_red_q[3]_i_3/O
                         net (fo=12, routed)          0.623    18.597    u_tetris_ui_overlay/overlay_red_q[3]_i_3_n_0
    SLICE_X56Y93         LUT6 (Prop_lut6_I5_O)        0.124    18.721 r  u_tetris_ui_overlay/overlay_green_q[3]_i_1/O
                         net (fo=1, routed)           0.000    18.721    overlay_green[3]
    SLICE_X56Y93         FDCE                                         r  overlay_green_q_reg[3]/D
  -------------------------------------------------------------------    -------------------

                         (clock clk_sys rise edge)   20.000    20.000 r  
    E3                                                0.000    20.000 r  i_clk (IN)
                         net (fo=0)                   0.000    20.000    i_clk
    E3                   IBUF (Prop_ibuf_I_O)         1.411    21.411 r  i_clk_IBUF_inst/O
                         net (fo=1, routed)           1.162    22.573    i_clk_IBUF
    MMCME2_ADV_X1Y2      MMCME2_ADV (Prop_mmcme2_adv_CLKIN1_CLKOUT0)
                                                     -7.324    15.249 r  u_mmcm/CLKOUT0
                         net (fo=1, routed)           1.639    16.888    clk_sys_mmcm
    BUFGCTRL_X0Y16       BUFG (Prop_bufg_I_O)         0.091    16.979 r  u_clk_sys_buf/O
                         net (fo=3365, routed)        1.505    18.485    clk_sys
    SLICE_X56Y93         FDCE                                         r  overlay_green_q_reg[3]/C
                         clock pessimism              0.559    19.044    
                         clock uncertainty           -0.089    18.956    
    SLICE_X56Y93         FDCE (Setup_fdce_C_D)        0.081    19.037    overlay_green_q_reg[3]
  -------------------------------------------------------------------
                         required time                         19.037    
                         arrival time                         -18.721    
  -------------------------------------------------------------------
                         slack                                  0.315    

Slack (MET) :             0.325ns  (required time - arrival time)
  Source:                 u_tetris_ui_overlay/y_q2_reg[6]/C
                            (rising edge-triggered cell FDRE clocked by clk_sys  {rise@0.000ns fall@10.000ns period=20.000ns})
  Destination:            overlay_red_q_reg[2]/D
                            (rising edge-triggered cell FDCE clocked by clk_sys  {rise@0.000ns fall@10.000ns period=20.000ns})
  Path Group:             clk_sys
  Path Type:              Setup (Max at Slow Process Corner)
  Requirement:            20.000ns  (clk_sys rise@20.000ns - clk_sys rise@0.000ns)
  Data Path Delay:        19.619ns  (logic 5.470ns (27.882%)  route 14.149ns (72.118%))
  Logic Levels:           29  (CARRY4=8 LUT2=2 LUT3=3 LUT4=1 LUT5=2 LUT6=11 MUXF7=1 MUXF8=1)
  Clock Path Skew:        -0.047ns (DCD - SCD + CPR)
    Destination Clock Delay (DCD):    -1.516ns = ( 18.484 - 20.000 ) 
    Source Clock Delay      (SCD):    -0.910ns
    Clock Pessimism Removal (CPR):    0.559ns
  Clock Uncertainty:      0.089ns  ((TSJ^2 + DJ^2)^1/2) / 2 + PE
    Total System Jitter     (TSJ):    0.071ns
    Discrete Jitter          (DJ):    0.163ns
    Phase Error              (PE):    0.000ns

    Location             Delay type                Incr(ns)  Path(ns)    Netlist Resource(s)
  -------------------------------------------------------------------    -------------------
                         (clock clk_sys rise edge)    0.000     0.000 r  
    E3                                                0.000     0.000 r  i_clk (IN)
                         net (fo=0)                   0.000     0.000    i_clk
    E3                   IBUF (Prop_ibuf_I_O)         1.482     1.482 r  i_clk_IBUF_inst/O
                         net (fo=1, routed)           1.233     2.715    i_clk_IBUF
    MMCME2_ADV_X1Y2      MMCME2_ADV (Prop_mmcme2_adv_CLKIN1_CLKOUT0)
                                                     -7.070    -4.355 r  u_mmcm/CLKOUT0
                         net (fo=1, routed)           1.719    -2.636    clk_sys_mmcm
    BUFGCTRL_X0Y16       BUFG (Prop_bufg_I_O)         0.096    -2.540 r  u_clk_sys_buf/O
                         net (fo=3365, routed)        1.630    -0.910    u_tetris_ui_overlay/clk_sys
    SLICE_X62Y89         FDRE                                         r  u_tetris_ui_overlay/y_q2_reg[6]/C
  -------------------------------------------------------------------    -------------------
    SLICE_X62Y89         FDRE (Prop_fdre_C_Q)         0.518    -0.392 f  u_tetris_ui_overlay/y_q2_reg[6]/Q
                         net (fo=20, routed)          1.114     0.722    u_tetris_ui_overlay/y_q2[6]
    SLICE_X63Y89         LUT3 (Prop_lut3_I0_O)        0.124     0.846 r  u_tetris_ui_overlay/g0_b1_i_250/O
                         net (fo=97, routed)          1.008     1.854    u_tetris_ui_overlay/g0_b1_i_250_n_0
    SLICE_X62Y92         LUT5 (Prop_lut5_I0_O)        0.146     2.000 r  u_tetris_ui_overlay/g0_b1_i_103/O
                         net (fo=18, routed)          0.963     2.964    u_tetris_ui_overlay/g0_b1_i_937_n_0
    SLICE_X64Y91         LUT2 (Prop_lut2_I0_O)        0.328     3.292 f  u_tetris_ui_overlay/g0_b1_i_30/O
                         net (fo=61, routed)          0.717     4.009    u_tetris_ui_overlay/g0_b1_i_30_n_0
    SLICE_X64Y89         LUT3 (Prop_lut3_I2_O)        0.124     4.133 r  u_tetris_ui_overlay/g0_b1_i_247/O
                         net (fo=17, routed)          0.729     4.862    u_tetris_ui_overlay/g0_b1_i_247_n_0
    SLICE_X64Y97         LUT2 (Prop_lut2_I1_O)        0.124     4.986 r  u_tetris_ui_overlay/g0_b1_i_634/O
                         net (fo=1, routed)           0.000     4.986    u_tetris_ui_overlay/g0_b1_i_634_n_0
    SLICE_X64Y97         CARRY4 (Prop_carry4_S[1]_CO[3])
                                                      0.550     5.536 r  u_tetris_ui_overlay/g0_b1_i_350/CO[3]
                         net (fo=1, routed)           0.000     5.536    u_tetris_ui_overlay/g0_b1_i_350_n_0
    SLICE_X64Y98         CARRY4 (Prop_carry4_CI_CO[3])
                                                      0.114     5.650 r  u_tetris_ui_overlay/g0_b1_i_794/CO[3]
                         net (fo=1, routed)           0.000     5.650    u_tetris_ui_overlay/g0_b1_i_794_n_0
    SLICE_X64Y99         CARRY4 (Prop_carry4_CI_CO[3])
                                                      0.114     5.764 r  u_tetris_ui_overlay/g0_b1_i_626/CO[3]
                         net (fo=1, routed)           0.001     5.765    u_tetris_ui_overlay/g0_b1_i_626_n_0
    SLICE_X64Y100        CARRY4 (Prop_carry4_CI_CO[3])
                                                      0.114     5.879 r  u_tetris_ui_overlay/g0_b1_i_939/CO[3]
                         net (fo=1, routed)           0.000     5.879    u_tetris_ui_overlay/g0_b1_i_939_n_0
    SLICE_X64Y101        CARRY4 (Prop_carry4_CI_CO[3])
                                                      0.114     5.993 r  u_tetris_ui_overlay/g0_b1_i_795/CO[3]
                         net (fo=1, routed)           0.000     5.993    u_tetris_ui_overlay/g0_b1_i_795_n_0
    SLICE_X64Y102        CARRY4 (Prop_carry4_CI_CO[3])
                                                      0.114     6.107 r  u_tetris_ui_overlay/g0_b1_i_793/CO[3]
                         net (fo=1, routed)           0.000     6.107    u_tetris_ui_overlay/g0_b1_i_793_n_0
    SLICE_X64Y103        CARRY4 (Prop_carry4_CI_CO[3])
                                                      0.114     6.221 r  u_tetris_ui_overlay/g0_b1_i_627/CO[3]
                         net (fo=1, routed)           0.000     6.221    u_tetris_ui_overlay/g0_b1_i_627_n_0
    SLICE_X64Y104        CARRY4 (Prop_carry4_CI_CO[1])
                                                      0.157     6.378 r  u_tetris_ui_overlay/g0_b1_i_628/CO[1]
                         net (fo=2, routed)           0.608     6.986    u_tetris_ui_overlay/g0_b1_i_628_n_2
    SLICE_X62Y102        LUT4 (Prop_lut4_I2_O)        0.329     7.315 f  u_tetris_ui_overlay/g0_b1_i_1102/O
                         net (fo=1, routed)           0.432     7.747    u_tetris_ui_overlay/g0_b1_i_1102_n_0
    SLICE_X62Y101        LUT5 (Prop_lut5_I4_O)        0.124     7.871 f  u_tetris_ui_overlay/g0_b1_i_792/O
                         net (fo=1, routed)           0.643     8.514    u_tetris_ui_overlay/g0_b1_i_792_n_0
    SLICE_X63Y101        LUT6 (Prop_lut6_I0_O)        0.124     8.638 f  u_tetris_ui_overlay/g0_b1_i_495/O
                         net (fo=6, routed)           0.968     9.606    u_tetris_ui_overlay/g0_b1_i_495_n_0
    SLICE_X69Y95         LUT3 (Prop_lut3_I2_O)        0.150     9.756 r  u_tetris_ui_overlay/g0_b1_i_508/O
                         net (fo=2, routed)           0.630    10.386    u_tetris_ui_overlay/g0_b1_i_508_n_0
    SLICE_X68Y95         LUT6 (Prop_lut6_I0_O)        0.332    10.718 r  u_tetris_ui_overlay/g0_b1_i_379/O
                         net (fo=1, routed)           0.698    11.416    u_tetris_ui_overlay/g0_b1_i_379_n_0
    SLICE_X64Y92         LUT6 (Prop_lut6_I1_O)        0.124    11.540 r  u_tetris_ui_overlay/g0_b1_i_171/O
                         net (fo=1, routed)           0.161    11.701    u_tetris_ui_overlay/g0_b1_i_171_n_0
    SLICE_X64Y92         LUT6 (Prop_lut6_I1_O)        0.124    11.825 f  u_tetris_ui_overlay/g0_b1_i_60/O
                         net (fo=1, routed)           0.551    12.376    u_tetris_ui_overlay/g0_b1_i_60_n_0
    SLICE_X72Y92         LUT6 (Prop_lut6_I0_O)        0.124    12.500 r  u_tetris_ui_overlay/g0_b1_i_14/O
                         net (fo=1, routed)           0.488    12.988    u_tetris_ui_overlay/g0_b1_i_14_n_0
    SLICE_X72Y92         LUT6 (Prop_lut6_I0_O)        0.124    13.112 r  u_tetris_ui_overlay/g0_b1_i_3/O
                         net (fo=79, routed)          1.360    14.472    u_tetris_ui_overlay/char_code[2]
    SLICE_X77Y96         LUT6 (Prop_lut6_I2_O)        0.124    14.595 r  u_tetris_ui_overlay/g1_b52/O
                         net (fo=1, routed)           0.612    15.208    u_tetris_ui_overlay/g1_b52_n_0
    SLICE_X76Y95         LUT6 (Prop_lut6_I0_O)        0.124    15.332 r  u_tetris_ui_overlay/overlay_red_q[3]_i_121/O
                         net (fo=1, routed)           0.000    15.332    u_tetris_ui_overlay/overlay_red_q[3]_i_121_n_0
    SLICE_X76Y95         MUXF7 (Prop_muxf7_I1_O)      0.247    15.579 r  u_tetris_ui_overlay/overlay_red_q_reg[3]_i_50/O
                         net (fo=1, routed)           0.000    15.579    u_tetris_ui_overlay/overlay_red_q_reg[3]_i_50_n_0
    SLICE_X76Y95         MUXF8 (Prop_muxf8_I0_O)      0.098    15.677 r  u_tetris_ui_overlay/overlay_red_q_reg[3]_i_23/O
                         net (fo=1, routed)           0.736    16.413    u_tetris_ui_overlay/overlay_red_q_reg[3]_i_23_n_0
    SLICE_X72Y94         LUT6 (Prop_lut6_I5_O)        0.319    16.732 f  u_tetris_ui_overlay/overlay_red_q[3]_i_9/O
                         net (fo=1, routed)           1.118    17.850    u_tetris_ui_overlay/overlay_red_q[3]_i_9_n_0
    SLICE_X56Y93         LUT6 (Prop_lut6_I5_O)        0.124    17.974 f  u_tetris_ui_overlay/overlay_red_q[3]_i_3/O
                         net (fo=12, routed)          0.611    18.585    u_tetris_ui_overlay/overlay_red_q[3]_i_3_n_0
    SLICE_X56Y92         LUT6 (Prop_lut6_I5_O)        0.124    18.709 r  u_tetris_ui_overlay/overlay_red_q[2]_i_1/O
                         net (fo=1, routed)           0.000    18.709    overlay_red[2]
    SLICE_X56Y92         FDCE                                         r  overlay_red_q_reg[2]/D
  -------------------------------------------------------------------    -------------------

                         (clock clk_sys rise edge)   20.000    20.000 r  
    E3                                                0.000    20.000 r  i_clk (IN)
                         net (fo=0)                   0.000    20.000    i_clk
    E3                   IBUF (Prop_ibuf_I_O)         1.411    21.411 r  i_clk_IBUF_inst/O
                         net (fo=1, routed)           1.162    22.573    i_clk_IBUF
    MMCME2_ADV_X1Y2      MMCME2_ADV (Prop_mmcme2_adv_CLKIN1_CLKOUT0)
                                                     -7.324    15.249 r  u_mmcm/CLKOUT0
                         net (fo=1, routed)           1.639    16.888    clk_sys_mmcm
    BUFGCTRL_X0Y16       BUFG (Prop_bufg_I_O)         0.091    16.979 r  u_clk_sys_buf/O
                         net (fo=3365, routed)        1.504    18.484    clk_sys
    SLICE_X56Y92         FDCE                                         r  overlay_red_q_reg[2]/C
                         clock pessimism              0.559    19.043    
                         clock uncertainty           -0.089    18.955    
    SLICE_X56Y92         FDCE (Setup_fdce_C_D)        0.079    19.034    overlay_red_q_reg[2]
  -------------------------------------------------------------------
                         required time                         19.034    
                         arrival time                         -18.709    
  -------------------------------------------------------------------
                         slack                                  0.325    

Slack (MET) :             0.377ns  (required time - arrival time)
  Source:                 u_tetris_ui_overlay/y_q2_reg[6]/C
                            (rising edge-triggered cell FDRE clocked by clk_sys  {rise@0.000ns fall@10.000ns period=20.000ns})
  Destination:            overlay_green_q_reg[2]/D
                            (rising edge-triggered cell FDCE clocked by clk_sys  {rise@0.000ns fall@10.000ns period=20.000ns})
  Path Group:             clk_sys
  Path Type:              Setup (Max at Slow Process Corner)
  Requirement:            20.000ns  (clk_sys rise@20.000ns - clk_sys rise@0.000ns)
  Data Path Delay:        19.518ns  (logic 5.470ns (28.025%)  route 14.048ns (71.975%))
  Logic Levels:           29  (CARRY4=8 LUT2=2 LUT3=3 LUT4=1 LUT5=2 LUT6=11 MUXF7=1 MUXF8=1)
  Clock Path Skew:        -0.047ns (DCD - SCD + CPR)
    Destination Clock Delay (DCD):    -1.516ns = ( 18.484 - 20.000 ) 
    Source Clock Delay      (SCD):    -0.910ns
    Clock Pessimism Removal (CPR):    0.559ns
  Clock Uncertainty:      0.089ns  ((TSJ^2 + DJ^2)^1/2) / 2 + PE
    Total System Jitter     (TSJ):    0.071ns
    Discrete Jitter          (DJ):    0.163ns
    Phase Error              (PE):    0.000ns

    Location             Delay type                Incr(ns)  Path(ns)    Netlist Resource(s)
  -------------------------------------------------------------------    -------------------
                         (clock clk_sys rise edge)    0.000     0.000 r  
    E3                                                0.000     0.000 r  i_clk (IN)
                         net (fo=0)                   0.000     0.000    i_clk
    E3                   IBUF (Prop_ibuf_I_O)         1.482     1.482 r  i_clk_IBUF_inst/O
                         net (fo=1, routed)           1.233     2.715    i_clk_IBUF
    MMCME2_ADV_X1Y2      MMCME2_ADV (Prop_mmcme2_adv_CLKIN1_CLKOUT0)
                                                     -7.070    -4.355 r  u_mmcm/CLKOUT0
                         net (fo=1, routed)           1.719    -2.636    clk_sys_mmcm
    BUFGCTRL_X0Y16       BUFG (Prop_bufg_I_O)         0.096    -2.540 r  u_clk_sys_buf/O
                         net (fo=3365, routed)        1.630    -0.910    u_tetris_ui_overlay/clk_sys
    SLICE_X62Y89         FDRE                                         r  u_tetris_ui_overlay/y_q2_reg[6]/C
  -------------------------------------------------------------------    -------------------
    SLICE_X62Y89         FDRE (Prop_fdre_C_Q)         0.518    -0.392 f  u_tetris_ui_overlay/y_q2_reg[6]/Q
                         net (fo=20, routed)          1.114     0.722    u_tetris_ui_overlay/y_q2[6]
    SLICE_X63Y89         LUT3 (Prop_lut3_I0_O)        0.124     0.846 r  u_tetris_ui_overlay/g0_b1_i_250/O
                         net (fo=97, routed)          1.008     1.854    u_tetris_ui_overlay/g0_b1_i_250_n_0
    SLICE_X62Y92         LUT5 (Prop_lut5_I0_O)        0.146     2.000 r  u_tetris_ui_overlay/g0_b1_i_103/O
                         net (fo=18, routed)          0.963     2.964    u_tetris_ui_overlay/g0_b1_i_937_n_0
    SLICE_X64Y91         LUT2 (Prop_lut2_I0_O)        0.328     3.292 f  u_tetris_ui_overlay/g0_b1_i_30/O
                         net (fo=61, routed)          0.717     4.009    u_tetris_ui_overlay/g0_b1_i_30_n_0
    SLICE_X64Y89         LUT3 (Prop_lut3_I2_O)        0.124     4.133 r  u_tetris_ui_overlay/g0_b1_i_247/O
                         net (fo=17, routed)          0.729     4.862    u_tetris_ui_overlay/g0_b1_i_247_n_0
    SLICE_X64Y97         LUT2 (Prop_lut2_I1_O)        0.124     4.986 r  u_tetris_ui_overlay/g0_b1_i_634/O
                         net (fo=1, routed)           0.000     4.986    u_tetris_ui_overlay/g0_b1_i_634_n_0
    SLICE_X64Y97         CARRY4 (Prop_carry4_S[1]_CO[3])
                                                      0.550     5.536 r  u_tetris_ui_overlay/g0_b1_i_350/CO[3]
                         net (fo=1, routed)           0.000     5.536    u_tetris_ui_overlay/g0_b1_i_350_n_0
    SLICE_X64Y98         CARRY4 (Prop_carry4_CI_CO[3])
                                                      0.114     5.650 r  u_tetris_ui_overlay/g0_b1_i_794/CO[3]
                         net (fo=1, routed)           0.000     5.650    u_tetris_ui_overlay/g0_b1_i_794_n_0
    SLICE_X64Y99         CARRY4 (Prop_carry4_CI_CO[3])
                                                      0.114     5.764 r  u_tetris_ui_overlay/g0_b1_i_626/CO[3]
                         net (fo=1, routed)           0.001     5.765    u_tetris_ui_overlay/g0_b1_i_626_n_0
    SLICE_X64Y100        CARRY4 (Prop_carry4_CI_CO[3])
                                                      0.114     5.879 r  u_tetris_ui_overlay/g0_b1_i_939/CO[3]
                         net (fo=1, routed)           0.000     5.879    u_tetris_ui_overlay/g0_b1_i_939_n_0
    SLICE_X64Y101        CARRY4 (Prop_carry4_CI_CO[3])
                                                      0.114     5.993 r  u_tetris_ui_overlay/g0_b1_i_795/CO[3]
                         net (fo=1, routed)           0.000     5.993    u_tetris_ui_overlay/g0_b1_i_795_n_0
    SLICE_X64Y102        CARRY4 (Prop_carry4_CI_CO[3])
                                                      0.114     6.107 r  u_tetris_ui_overlay/g0_b1_i_793/CO[3]
                         net (fo=1, routed)           0.000     6.107    u_tetris_ui_overlay/g0_b1_i_793_n_0
    SLICE_X64Y103        CARRY4 (Prop_carry4_CI_CO[3])
                                                      0.114     6.221 r  u_tetris_ui_overlay/g0_b1_i_627/CO[3]
                         net (fo=1, routed)           0.000     6.221    u_tetris_ui_overlay/g0_b1_i_627_n_0
    SLICE_X64Y104        CARRY4 (Prop_carry4_CI_CO[1])
                                                      0.157     6.378 r  u_tetris_ui_overlay/g0_b1_i_628/CO[1]
                         net (fo=2, routed)           0.608     6.986    u_tetris_ui_overlay/g0_b1_i_628_n_2
    SLICE_X62Y102        LUT4 (Prop_lut4_I2_O)        0.329     7.315 f  u_tetris_ui_overlay/g0_b1_i_1102/O
                         net (fo=1, routed)           0.432     7.747    u_tetris_ui_overlay/g0_b1_i_1102_n_0
    SLICE_X62Y101        LUT5 (Prop_lut5_I4_O)        0.124     7.871 f  u_tetris_ui_overlay/g0_b1_i_792/O
                         net (fo=1, routed)           0.643     8.514    u_tetris_ui_overlay/g0_b1_i_792_n_0
    SLICE_X63Y101        LUT6 (Prop_lut6_I0_O)        0.124     8.638 f  u_tetris_ui_overlay/g0_b1_i_495/O
                         net (fo=6, routed)           0.968     9.606    u_tetris_ui_overlay/g0_b1_i_495_n_0
    SLICE_X69Y95         LUT3 (Prop_lut3_I2_O)        0.150     9.756 r  u_tetris_ui_overlay/g0_b1_i_508/O
                         net (fo=2, routed)           0.630    10.386    u_tetris_ui_overlay/g0_b1_i_508_n_0
    SLICE_X68Y95         LUT6 (Prop_lut6_I0_O)        0.332    10.718 r  u_tetris_ui_overlay/g0_b1_i_379/O
                         net (fo=1, routed)           0.698    11.416    u_tetris_ui_overlay/g0_b1_i_379_n_0
    SLICE_X64Y92         LUT6 (Prop_lut6_I1_O)        0.124    11.540 r  u_tetris_ui_overlay/g0_b1_i_171/O
                         net (fo=1, routed)           0.161    11.701    u_tetris_ui_overlay/g0_b1_i_171_n_0
    SLICE_X64Y92         LUT6 (Prop_lut6_I1_O)        0.124    11.825 f  u_tetris_ui_overlay/g0_b1_i_60/O
                         net (fo=1, routed)           0.551    12.376    u_tetris_ui_overlay/g0_b1_i_60_n_0
    SLICE_X72Y92         LUT6 (Prop_lut6_I0_O)        0.124    12.500 r  u_tetris_ui_overlay/g0_b1_i_14/O
                         net (fo=1, routed)           0.488    12.988    u_tetris_ui_overlay/g0_b1_i_14_n_0
    SLICE_X72Y92         LUT6 (Prop_lut6_I0_O)        0.124    13.112 r  u_tetris_ui_overlay/g0_b1_i_3/O
                         net (fo=79, routed)          1.360    14.472    u_tetris_ui_overlay/char_code[2]
    SLICE_X77Y96         LUT6 (Prop_lut6_I2_O)        0.124    14.595 r  u_tetris_ui_overlay/g1_b52/O
                         net (fo=1, routed)           0.612    15.208    u_tetris_ui_overlay/g1_b52_n_0
    SLICE_X76Y95         LUT6 (Prop_lut6_I0_O)        0.124    15.332 r  u_tetris_ui_overlay/overlay_red_q[3]_i_121/O
                         net (fo=1, routed)           0.000    15.332    u_tetris_ui_overlay/overlay_red_q[3]_i_121_n_0
    SLICE_X76Y95         MUXF7 (Prop_muxf7_I1_O)      0.247    15.579 r  u_tetris_ui_overlay/overlay_red_q_reg[3]_i_50/O
                         net (fo=1, routed)           0.000    15.579    u_tetris_ui_overlay/overlay_red_q_reg[3]_i_50_n_0
    SLICE_X76Y95         MUXF8 (Prop_muxf8_I0_O)      0.098    15.677 r  u_tetris_ui_overlay/overlay_red_q_reg[3]_i_23/O
                         net (fo=1, routed)           0.736    16.413    u_tetris_ui_overlay/overlay_red_q_reg[3]_i_23_n_0
    SLICE_X72Y94         LUT6 (Prop_lut6_I5_O)        0.319    16.732 f  u_tetris_ui_overlay/overlay_red_q[3]_i_9/O
                         net (fo=1, routed)           1.118    17.850    u_tetris_ui_overlay/overlay_red_q[3]_i_9_n_0
    SLICE_X56Y93         LUT6 (Prop_lut6_I5_O)        0.124    17.974 f  u_tetris_ui_overlay/overlay_red_q[3]_i_3/O
                         net (fo=12, routed)          0.511    18.485    u_tetris_ui_overlay/overlay_red_q[3]_i_3_n_0
    SLICE_X55Y93         LUT6 (Prop_lut6_I2_O)        0.124    18.609 r  u_tetris_ui_overlay/overlay_green_q[2]_i_1/O
                         net (fo=1, routed)           0.000    18.609    overlay_green[2]
    SLICE_X55Y93         FDCE                                         r  overlay_green_q_reg[2]/D
  -------------------------------------------------------------------    -------------------

                         (clock clk_sys rise edge)   20.000    20.000 r  
    E3                                                0.000    20.000 r  i_clk (IN)
                         net (fo=0)                   0.000    20.000    i_clk
    E3                   IBUF (Prop_ibuf_I_O)         1.411    21.411 r  i_clk_IBUF_inst/O
                         net (fo=1, routed)           1.162    22.573    i_clk_IBUF
    MMCME2_ADV_X1Y2      MMCME2_ADV (Prop_mmcme2_adv_CLKIN1_CLKOUT0)
                                                     -7.324    15.249 r  u_mmcm/CLKOUT0
                         net (fo=1, routed)           1.639    16.888    clk_sys_mmcm
    BUFGCTRL_X0Y16       BUFG (Prop_bufg_I_O)         0.091    16.979 r  u_clk_sys_buf/O
                         net (fo=3365, routed)        1.504    18.484    clk_sys
    SLICE_X55Y93         FDCE                                         r  overlay_green_q_reg[2]/C
                         clock pessimism              0.559    19.043    
                         clock uncertainty           -0.089    18.955    
    SLICE_X55Y93         FDCE (Setup_fdce_C_D)        0.031    18.986    overlay_green_q_reg[2]
  -------------------------------------------------------------------
                         required time                         18.986    
                         arrival time                         -18.609    
  -------------------------------------------------------------------
                         slack                                  0.377    

Slack (MET) :             0.390ns  (required time - arrival time)
  Source:                 u_tetris_ui_overlay/y_q2_reg[6]/C
                            (rising edge-triggered cell FDRE clocked by clk_sys  {rise@0.000ns fall@10.000ns period=20.000ns})
  Destination:            overlay_blue_q_reg[1]/D
                            (rising edge-triggered cell FDCE clocked by clk_sys  {rise@0.000ns fall@10.000ns period=20.000ns})
  Path Group:             clk_sys
  Path Type:              Setup (Max at Slow Process Corner)
  Requirement:            20.000ns  (clk_sys rise@20.000ns - clk_sys rise@0.000ns)
  Data Path Delay:        19.504ns  (logic 5.470ns (28.046%)  route 14.034ns (71.954%))
  Logic Levels:           29  (CARRY4=8 LUT2=2 LUT3=3 LUT4=1 LUT5=3 LUT6=10 MUXF7=1 MUXF8=1)
  Clock Path Skew:        -0.048ns (DCD - SCD + CPR)
    Destination Clock Delay (DCD):    -1.517ns = ( 18.483 - 20.000 ) 
    Source Clock Delay      (SCD):    -0.910ns
    Clock Pessimism Removal (CPR):    0.559ns
  Clock Uncertainty:      0.089ns  ((TSJ^2 + DJ^2)^1/2) / 2 + PE
    Total System Jitter     (TSJ):    0.071ns
    Discrete Jitter          (DJ):    0.163ns
    Phase Error              (PE):    0.000ns

    Location             Delay type                Incr(ns)  Path(ns)    Netlist Resource(s)
  -------------------------------------------------------------------    -------------------
                         (clock clk_sys rise edge)    0.000     0.000 r  
    E3                                                0.000     0.000 r  i_clk (IN)
                         net (fo=0)                   0.000     0.000    i_clk
    E3                   IBUF (Prop_ibuf_I_O)         1.482     1.482 r  i_clk_IBUF_inst/O
                         net (fo=1, routed)           1.233     2.715    i_clk_IBUF
    MMCME2_ADV_X1Y2      MMCME2_ADV (Prop_mmcme2_adv_CLKIN1_CLKOUT0)
                                                     -7.070    -4.355 r  u_mmcm/CLKOUT0
                         net (fo=1, routed)           1.719    -2.636    clk_sys_mmcm
    BUFGCTRL_X0Y16       BUFG (Prop_bufg_I_O)         0.096    -2.540 r  u_clk_sys_buf/O
                         net (fo=3365, routed)        1.630    -0.910    u_tetris_ui_overlay/clk_sys
    SLICE_X62Y89         FDRE                                         r  u_tetris_ui_overlay/y_q2_reg[6]/C
  -------------------------------------------------------------------    -------------------
    SLICE_X62Y89         FDRE (Prop_fdre_C_Q)         0.518    -0.392 f  u_tetris_ui_overlay/y_q2_reg[6]/Q
                         net (fo=20, routed)          1.114     0.722    u_tetris_ui_overlay/y_q2[6]
    SLICE_X63Y89         LUT3 (Prop_lut3_I0_O)        0.124     0.846 r  u_tetris_ui_overlay/g0_b1_i_250/O
                         net (fo=97, routed)          1.008     1.854    u_tetris_ui_overlay/g0_b1_i_250_n_0
    SLICE_X62Y92         LUT5 (Prop_lut5_I0_O)        0.146     2.000 r  u_tetris_ui_overlay/g0_b1_i_103/O
                         net (fo=18, routed)          0.963     2.964    u_tetris_ui_overlay/g0_b1_i_937_n_0
    SLICE_X64Y91         LUT2 (Prop_lut2_I0_O)        0.328     3.292 f  u_tetris_ui_overlay/g0_b1_i_30/O
                         net (fo=61, routed)          0.717     4.009    u_tetris_ui_overlay/g0_b1_i_30_n_0
    SLICE_X64Y89         LUT3 (Prop_lut3_I2_O)        0.124     4.133 r  u_tetris_ui_overlay/g0_b1_i_247/O
                         net (fo=17, routed)          0.729     4.862    u_tetris_ui_overlay/g0_b1_i_247_n_0
    SLICE_X64Y97         LUT2 (Prop_lut2_I1_O)        0.124     4.986 r  u_tetris_ui_overlay/g0_b1_i_634/O
                         net (fo=1, routed)           0.000     4.986    u_tetris_ui_overlay/g0_b1_i_634_n_0
    SLICE_X64Y97         CARRY4 (Prop_carry4_S[1]_CO[3])
                                                      0.550     5.536 r  u_tetris_ui_overlay/g0_b1_i_350/CO[3]
                         net (fo=1, routed)           0.000     5.536    u_tetris_ui_overlay/g0_b1_i_350_n_0
    SLICE_X64Y98         CARRY4 (Prop_carry4_CI_CO[3])
                                                      0.114     5.650 r  u_tetris_ui_overlay/g0_b1_i_794/CO[3]
                         net (fo=1, routed)           0.000     5.650    u_tetris_ui_overlay/g0_b1_i_794_n_0
    SLICE_X64Y99         CARRY4 (Prop_carry4_CI_CO[3])
                                                      0.114     5.764 r  u_tetris_ui_overlay/g0_b1_i_626/CO[3]
                         net (fo=1, routed)           0.001     5.765    u_tetris_ui_overlay/g0_b1_i_626_n_0
    SLICE_X64Y100        CARRY4 (Prop_carry4_CI_CO[3])
                                                      0.114     5.879 r  u_tetris_ui_overlay/g0_b1_i_939/CO[3]
                         net (fo=1, routed)           0.000     5.879    u_tetris_ui_overlay/g0_b1_i_939_n_0
    SLICE_X64Y101        CARRY4 (Prop_carry4_CI_CO[3])
                                                      0.114     5.993 r  u_tetris_ui_overlay/g0_b1_i_795/CO[3]
                         net (fo=1, routed)           0.000     5.993    u_tetris_ui_overlay/g0_b1_i_795_n_0
    SLICE_X64Y102        CARRY4 (Prop_carry4_CI_CO[3])
                                                      0.114     6.107 r  u_tetris_ui_overlay/g0_b1_i_793/CO[3]
                         net (fo=1, routed)           0.000     6.107    u_tetris_ui_overlay/g0_b1_i_793_n_0
    SLICE_X64Y103        CARRY4 (Prop_carry4_CI_CO[3])
                                                      0.114     6.221 r  u_tetris_ui_overlay/g0_b1_i_627/CO[3]
                         net (fo=1, routed)           0.000     6.221    u_tetris_ui_overlay/g0_b1_i_627_n_0
    SLICE_X64Y104        CARRY4 (Prop_carry4_CI_CO[1])
                                                      0.157     6.378 r  u_tetris_ui_overlay/g0_b1_i_628/CO[1]
                         net (fo=2, routed)           0.608     6.986    u_tetris_ui_overlay/g0_b1_i_628_n_2
    SLICE_X62Y102        LUT4 (Prop_lut4_I2_O)        0.329     7.315 f  u_tetris_ui_overlay/g0_b1_i_1102/O
                         net (fo=1, routed)           0.432     7.747    u_tetris_ui_overlay/g0_b1_i_1102_n_0
    SLICE_X62Y101        LUT5 (Prop_lut5_I4_O)        0.124     7.871 f  u_tetris_ui_overlay/g0_b1_i_792/O
                         net (fo=1, routed)           0.643     8.514    u_tetris_ui_overlay/g0_b1_i_792_n_0
    SLICE_X63Y101        LUT6 (Prop_lut6_I0_O)        0.124     8.638 f  u_tetris_ui_overlay/g0_b1_i_495/O
                         net (fo=6, routed)           0.968     9.606    u_tetris_ui_overlay/g0_b1_i_495_n_0
    SLICE_X69Y95         LUT3 (Prop_lut3_I2_O)        0.150     9.756 r  u_tetris_ui_overlay/g0_b1_i_508/O
                         net (fo=2, routed)           0.630    10.386    u_tetris_ui_overlay/g0_b1_i_508_n_0
    SLICE_X68Y95         LUT6 (Prop_lut6_I0_O)        0.332    10.718 r  u_tetris_ui_overlay/g0_b1_i_379/O
                         net (fo=1, routed)           0.698    11.416    u_tetris_ui_overlay/g0_b1_i_379_n_0
    SLICE_X64Y92         LUT6 (Prop_lut6_I1_O)        0.124    11.540 r  u_tetris_ui_overlay/g0_b1_i_171/O
                         net (fo=1, routed)           0.161    11.701    u_tetris_ui_overlay/g0_b1_i_171_n_0
    SLICE_X64Y92         LUT6 (Prop_lut6_I1_O)        0.124    11.825 f  u_tetris_ui_overlay/g0_b1_i_60/O
                         net (fo=1, routed)           0.551    12.376    u_tetris_ui_overlay/g0_b1_i_60_n_0
    SLICE_X72Y92         LUT6 (Prop_lut6_I0_O)        0.124    12.500 r  u_tetris_ui_overlay/g0_b1_i_14/O
                         net (fo=1, routed)           0.488    12.988    u_tetris_ui_overlay/g0_b1_i_14_n_0
    SLICE_X72Y92         LUT6 (Prop_lut6_I0_O)        0.124    13.112 r  u_tetris_ui_overlay/g0_b1_i_3/O
                         net (fo=79, routed)          1.360    14.472    u_tetris_ui_overlay/char_code[2]
    SLICE_X77Y96         LUT6 (Prop_lut6_I2_O)        0.124    14.595 f  u_tetris_ui_overlay/g1_b52/O
                         net (fo=1, routed)           0.612    15.208    u_tetris_ui_overlay/g1_b52_n_0
    SLICE_X76Y95         LUT6 (Prop_lut6_I0_O)        0.124    15.332 f  u_tetris_ui_overlay/overlay_red_q[3]_i_121/O
                         net (fo=1, routed)           0.000    15.332    u_tetris_ui_overlay/overlay_red_q[3]_i_121_n_0
    SLICE_X76Y95         MUXF7 (Prop_muxf7_I1_O)      0.247    15.579 f  u_tetris_ui_overlay/overlay_red_q_reg[3]_i_50/O
                         net (fo=1, routed)           0.000    15.579    u_tetris_ui_overlay/overlay_red_q_reg[3]_i_50_n_0
    SLICE_X76Y95         MUXF8 (Prop_muxf8_I0_O)      0.098    15.677 f  u_tetris_ui_overlay/overlay_red_q_reg[3]_i_23/O
                         net (fo=1, routed)           0.736    16.413    u_tetris_ui_overlay/overlay_red_q_reg[3]_i_23_n_0
    SLICE_X72Y94         LUT6 (Prop_lut6_I5_O)        0.319    16.732 r  u_tetris_ui_overlay/overlay_red_q[3]_i_9/O
                         net (fo=1, routed)           1.118    17.850    u_tetris_ui_overlay/overlay_red_q[3]_i_9_n_0
    SLICE_X56Y93         LUT6 (Prop_lut6_I5_O)        0.124    17.974 r  u_tetris_ui_overlay/overlay_red_q[3]_i_3/O
                         net (fo=12, routed)          0.496    18.470    u_tetris_ui_overlay/overlay_red_q[3]_i_3_n_0
    SLICE_X55Y92         LUT5 (Prop_lut5_I2_O)        0.124    18.594 r  u_tetris_ui_overlay/overlay_blue_q[1]_i_1/O
                         net (fo=1, routed)           0.000    18.594    overlay_blue[1]
    SLICE_X55Y92         FDCE                                         r  overlay_blue_q_reg[1]/D
  -------------------------------------------------------------------    -------------------

                         (clock clk_sys rise edge)   20.000    20.000 r  
    E3                                                0.000    20.000 r  i_clk (IN)
                         net (fo=0)                   0.000    20.000    i_clk
    E3                   IBUF (Prop_ibuf_I_O)         1.411    21.411 r  i_clk_IBUF_inst/O
                         net (fo=1, routed)           1.162    22.573    i_clk_IBUF
    MMCME2_ADV_X1Y2      MMCME2_ADV (Prop_mmcme2_adv_CLKIN1_CLKOUT0)
                                                     -7.324    15.249 r  u_mmcm/CLKOUT0
                         net (fo=1, routed)           1.639    16.888    clk_sys_mmcm
    BUFGCTRL_X0Y16       BUFG (Prop_bufg_I_O)         0.091    16.979 r  u_clk_sys_buf/O
                         net (fo=3365, routed)        1.503    18.483    clk_sys
    SLICE_X55Y92         FDCE                                         r  overlay_blue_q_reg[1]/C
                         clock pessimism              0.559    19.042    
                         clock uncertainty           -0.089    18.954    
    SLICE_X55Y92         FDCE (Setup_fdce_C_D)        0.031    18.985    overlay_blue_q_reg[1]
  -------------------------------------------------------------------
                         required time                         18.985    
                         arrival time                         -18.594    
  -------------------------------------------------------------------
                         slack                                  0.390    

Slack (MET) :             0.396ns  (required time - arrival time)
  Source:                 u_tetris_ui_overlay/y_q2_reg[6]/C
                            (rising edge-triggered cell FDRE clocked by clk_sys  {rise@0.000ns fall@10.000ns period=20.000ns})
  Destination:            overlay_blue_q_reg[0]/D
                            (rising edge-triggered cell FDCE clocked by clk_sys  {rise@0.000ns fall@10.000ns period=20.000ns})
  Path Group:             clk_sys
  Path Type:              Setup (Max at Slow Process Corner)
  Requirement:            20.000ns  (clk_sys rise@20.000ns - clk_sys rise@0.000ns)
  Data Path Delay:        19.545ns  (logic 5.470ns (27.987%)  route 14.075ns (72.013%))
  Logic Levels:           29  (CARRY4=8 LUT2=2 LUT3=3 LUT4=1 LUT5=3 LUT6=10 MUXF7=1 MUXF8=1)
  Clock Path Skew:        -0.047ns (DCD - SCD + CPR)
    Destination Clock Delay (DCD):    -1.516ns = ( 18.484 - 20.000 ) 
    Source Clock Delay      (SCD):    -0.910ns
    Clock Pessimism Removal (CPR):    0.559ns
  Clock Uncertainty:      0.089ns  ((TSJ^2 + DJ^2)^1/2) / 2 + PE
    Total System Jitter     (TSJ):    0.071ns
    Discrete Jitter          (DJ):    0.163ns
    Phase Error              (PE):    0.000ns

    Location             Delay type                Incr(ns)  Path(ns)    Netlist Resource(s)
  -------------------------------------------------------------------    -------------------
                         (clock clk_sys rise edge)    0.000     0.000 r  
    E3                                                0.000     0.000 r  i_clk (IN)
                         net (fo=0)                   0.000     0.000    i_clk
    E3                   IBUF (Prop_ibuf_I_O)         1.482     1.482 r  i_clk_IBUF_inst/O
                         net (fo=1, routed)           1.233     2.715    i_clk_IBUF
    MMCME2_ADV_X1Y2      MMCME2_ADV (Prop_mmcme2_adv_CLKIN1_CLKOUT0)
                                                     -7.070    -4.355 r  u_mmcm/CLKOUT0
                         net (fo=1, routed)           1.719    -2.636    clk_sys_mmcm
    BUFGCTRL_X0Y16       BUFG (Prop_bufg_I_O)         0.096    -2.540 r  u_clk_sys_buf/O
                         net (fo=3365, routed)        1.630    -0.910    u_tetris_ui_overlay/clk_sys
    SLICE_X62Y89         FDRE                                         r  u_tetris_ui_overlay/y_q2_reg[6]/C
  -------------------------------------------------------------------    -------------------
    SLICE_X62Y89         FDRE (Prop_fdre_C_Q)         0.518    -0.392 f  u_tetris_ui_overlay/y_q2_reg[6]/Q
                         net (fo=20, routed)          1.114     0.722    u_tetris_ui_overlay/y_q2[6]
    SLICE_X63Y89         LUT3 (Prop_lut3_I0_O)        0.124     0.846 r  u_tetris_ui_overlay/g0_b1_i_250/O
                         net (fo=97, routed)          1.008     1.854    u_tetris_ui_overlay/g0_b1_i_250_n_0
    SLICE_X62Y92         LUT5 (Prop_lut5_I0_O)        0.146     2.000 r  u_tetris_ui_overlay/g0_b1_i_103/O
                         net (fo=18, routed)          0.963     2.964    u_tetris_ui_overlay/g0_b1_i_937_n_0
    SLICE_X64Y91         LUT2 (Prop_lut2_I0_O)        0.328     3.292 f  u_tetris_ui_overlay/g0_b1_i_30/O
                         net (fo=61, routed)          0.717     4.009    u_tetris_ui_overlay/g0_b1_i_30_n_0
    SLICE_X64Y89         LUT3 (Prop_lut3_I2_O)        0.124     4.133 r  u_tetris_ui_overlay/g0_b1_i_247/O
                         net (fo=17, routed)          0.729     4.862    u_tetris_ui_overlay/g0_b1_i_247_n_0
    SLICE_X64Y97         LUT2 (Prop_lut2_I1_O)        0.124     4.986 r  u_tetris_ui_overlay/g0_b1_i_634/O
                         net (fo=1, routed)           0.000     4.986    u_tetris_ui_overlay/g0_b1_i_634_n_0
    SLICE_X64Y97         CARRY4 (Prop_carry4_S[1]_CO[3])
                                                      0.550     5.536 r  u_tetris_ui_overlay/g0_b1_i_350/CO[3]
                         net (fo=1, routed)           0.000     5.536    u_tetris_ui_overlay/g0_b1_i_350_n_0
    SLICE_X64Y98         CARRY4 (Prop_carry4_CI_CO[3])
                                                      0.114     5.650 r  u_tetris_ui_overlay/g0_b1_i_794/CO[3]
                         net (fo=1, routed)           0.000     5.650    u_tetris_ui_overlay/g0_b1_i_794_n_0
    SLICE_X64Y99         CARRY4 (Prop_carry4_CI_CO[3])
                                                      0.114     5.764 r  u_tetris_ui_overlay/g0_b1_i_626/CO[3]
                         net (fo=1, routed)           0.001     5.765    u_tetris_ui_overlay/g0_b1_i_626_n_0
    SLICE_X64Y100        CARRY4 (Prop_carry4_CI_CO[3])
                                                      0.114     5.879 r  u_tetris_ui_overlay/g0_b1_i_939/CO[3]
                         net (fo=1, routed)           0.000     5.879    u_tetris_ui_overlay/g0_b1_i_939_n_0
    SLICE_X64Y101        CARRY4 (Prop_carry4_CI_CO[3])
                                                      0.114     5.993 r  u_tetris_ui_overlay/g0_b1_i_795/CO[3]
                         net (fo=1, routed)           0.000     5.993    u_tetris_ui_overlay/g0_b1_i_795_n_0
    SLICE_X64Y102        CARRY4 (Prop_carry4_CI_CO[3])
                                                      0.114     6.107 r  u_tetris_ui_overlay/g0_b1_i_793/CO[3]
                         net (fo=1, routed)           0.000     6.107    u_tetris_ui_overlay/g0_b1_i_793_n_0
    SLICE_X64Y103        CARRY4 (Prop_carry4_CI_CO[3])
                                                      0.114     6.221 r  u_tetris_ui_overlay/g0_b1_i_627/CO[3]
                         net (fo=1, routed)           0.000     6.221    u_tetris_ui_overlay/g0_b1_i_627_n_0
    SLICE_X64Y104        CARRY4 (Prop_carry4_CI_CO[1])
                                                      0.157     6.378 r  u_tetris_ui_overlay/g0_b1_i_628/CO[1]
                         net (fo=2, routed)           0.608     6.986    u_tetris_ui_overlay/g0_b1_i_628_n_2
    SLICE_X62Y102        LUT4 (Prop_lut4_I2_O)        0.329     7.315 f  u_tetris_ui_overlay/g0_b1_i_1102/O
                         net (fo=1, routed)           0.432     7.747    u_tetris_ui_overlay/g0_b1_i_1102_n_0
    SLICE_X62Y101        LUT5 (Prop_lut5_I4_O)        0.124     7.871 f  u_tetris_ui_overlay/g0_b1_i_792/O
                         net (fo=1, routed)           0.643     8.514    u_tetris_ui_overlay/g0_b1_i_792_n_0
    SLICE_X63Y101        LUT6 (Prop_lut6_I0_O)        0.124     8.638 f  u_tetris_ui_overlay/g0_b1_i_495/O
                         net (fo=6, routed)           0.968     9.606    u_tetris_ui_overlay/g0_b1_i_495_n_0
    SLICE_X69Y95         LUT3 (Prop_lut3_I2_O)        0.150     9.756 r  u_tetris_ui_overlay/g0_b1_i_508/O
                         net (fo=2, routed)           0.630    10.386    u_tetris_ui_overlay/g0_b1_i_508_n_0
    SLICE_X68Y95         LUT6 (Prop_lut6_I0_O)        0.332    10.718 r  u_tetris_ui_overlay/g0_b1_i_379/O
                         net (fo=1, routed)           0.698    11.416    u_tetris_ui_overlay/g0_b1_i_379_n_0
    SLICE_X64Y92         LUT6 (Prop_lut6_I1_O)        0.124    11.540 r  u_tetris_ui_overlay/g0_b1_i_171/O
                         net (fo=1, routed)           0.161    11.701    u_tetris_ui_overlay/g0_b1_i_171_n_0
    SLICE_X64Y92         LUT6 (Prop_lut6_I1_O)        0.124    11.825 f  u_tetris_ui_overlay/g0_b1_i_60/O
                         net (fo=1, routed)           0.551    12.376    u_tetris_ui_overlay/g0_b1_i_60_n_0
    SLICE_X72Y92         LUT6 (Prop_lut6_I0_O)        0.124    12.500 r  u_tetris_ui_overlay/g0_b1_i_14/O
                         net (fo=1, routed)           0.488    12.988    u_tetris_ui_overlay/g0_b1_i_14_n_0
    SLICE_X72Y92         LUT6 (Prop_lut6_I0_O)        0.124    13.112 r  u_tetris_ui_overlay/g0_b1_i_3/O
                         net (fo=79, routed)          1.360    14.472    u_tetris_ui_overlay/char_code[2]
    SLICE_X77Y96         LUT6 (Prop_lut6_I2_O)        0.124    14.595 f  u_tetris_ui_overlay/g1_b52/O
                         net (fo=1, routed)           0.612    15.208    u_tetris_ui_overlay/g1_b52_n_0
    SLICE_X76Y95         LUT6 (Prop_lut6_I0_O)        0.124    15.332 f  u_tetris_ui_overlay/overlay_red_q[3]_i_121/O
                         net (fo=1, routed)           0.000    15.332    u_tetris_ui_overlay/overlay_red_q[3]_i_121_n_0
    SLICE_X76Y95         MUXF7 (Prop_muxf7_I1_O)      0.247    15.579 f  u_tetris_ui_overlay/overlay_red_q_reg[3]_i_50/O
                         net (fo=1, routed)           0.000    15.579    u_tetris_ui_overlay/overlay_red_q_reg[3]_i_50_n_0
    SLICE_X76Y95         MUXF8 (Prop_muxf8_I0_O)      0.098    15.677 f  u_tetris_ui_overlay/overlay_red_q_reg[3]_i_23/O
                         net (fo=1, routed)           0.736    16.413    u_tetris_ui_overlay/overlay_red_q_reg[3]_i_23_n_0
    SLICE_X72Y94         LUT6 (Prop_lut6_I5_O)        0.319    16.732 r  u_tetris_ui_overlay/overlay_red_q[3]_i_9/O
                         net (fo=1, routed)           1.118    17.850    u_tetris_ui_overlay/overlay_red_q[3]_i_9_n_0
    SLICE_X56Y93         LUT6 (Prop_lut6_I5_O)        0.124    17.974 r  u_tetris_ui_overlay/overlay_red_q[3]_i_3/O
                         net (fo=12, routed)          0.537    18.511    u_tetris_ui_overlay/overlay_red_q[3]_i_3_n_0
    SLICE_X56Y92         LUT5 (Prop_lut5_I2_O)        0.124    18.635 r  u_tetris_ui_overlay/overlay_blue_q[0]_i_1/O
                         net (fo=1, routed)           0.000    18.635    overlay_blue[0]
    SLICE_X56Y92         FDCE                                         r  overlay_blue_q_reg[0]/D
  -------------------------------------------------------------------    -------------------

                         (clock clk_sys rise edge)   20.000    20.000 r  
    E3                                                0.000    20.000 r  i_clk (IN)
                         net (fo=0)                   0.000    20.000    i_clk
    E3                   IBUF (Prop_ibuf_I_O)         1.411    21.411 r  i_clk_IBUF_inst/O
                         net (fo=1, routed)           1.162    22.573    i_clk_IBUF
    MMCME2_ADV_X1Y2      MMCME2_ADV (Prop_mmcme2_adv_CLKIN1_CLKOUT0)
                                                     -7.324    15.249 r  u_mmcm/CLKOUT0
                         net (fo=1, routed)           1.639    16.888    clk_sys_mmcm
    BUFGCTRL_X0Y16       BUFG (Prop_bufg_I_O)         0.091    16.979 r  u_clk_sys_buf/O
                         net (fo=3365, routed)        1.504    18.484    clk_sys
    SLICE_X56Y92         FDCE                                         r  overlay_blue_q_reg[0]/C
                         clock pessimism              0.559    19.043    
                         clock uncertainty           -0.089    18.955    
    SLICE_X56Y92         FDCE (Setup_fdce_C_D)        0.077    19.032    overlay_blue_q_reg[0]
  -------------------------------------------------------------------
                         required time                         19.032    
                         arrival time                         -18.635    
  -------------------------------------------------------------------
                         slack                                  0.396    

Slack (MET) :             0.403ns  (required time - arrival time)
  Source:                 u_tetris_ui_overlay/y_q2_reg[6]/C
                            (rising edge-triggered cell FDRE clocked by clk_sys  {rise@0.000ns fall@10.000ns period=20.000ns})
  Destination:            overlay_red_q_reg[0]/D
                            (rising edge-triggered cell FDCE clocked by clk_sys  {rise@0.000ns fall@10.000ns period=20.000ns})
  Path Group:             clk_sys
  Path Type:              Setup (Max at Slow Process Corner)
  Requirement:            20.000ns  (clk_sys rise@20.000ns - clk_sys rise@0.000ns)
  Data Path Delay:        19.542ns  (logic 5.470ns (27.991%)  route 14.072ns (72.009%))
  Logic Levels:           29  (CARRY4=8 LUT2=2 LUT3=3 LUT4=1 LUT5=2 LUT6=11 MUXF7=1 MUXF8=1)
  Clock Path Skew:        -0.047ns (DCD - SCD + CPR)
    Destination Clock Delay (DCD):    -1.516ns = ( 18.484 - 20.000 ) 
    Source Clock Delay      (SCD):    -0.910ns
    Clock Pessimism Removal (CPR):    0.559ns
  Clock Uncertainty:      0.089ns  ((TSJ^2 + DJ^2)^1/2) / 2 + PE
    Total System Jitter     (TSJ):    0.071ns
    Discrete Jitter          (DJ):    0.163ns
    Phase Error              (PE):    0.000ns

    Location             Delay type                Incr(ns)  Path(ns)    Netlist Resource(s)
  -------------------------------------------------------------------    -------------------
                         (clock clk_sys rise edge)    0.000     0.000 r  
    E3                                                0.000     0.000 r  i_clk (IN)
                         net (fo=0)                   0.000     0.000    i_clk
    E3                   IBUF (Prop_ibuf_I_O)         1.482     1.482 r  i_clk_IBUF_inst/O
                         net (fo=1, routed)           1.233     2.715    i_clk_IBUF
    MMCME2_ADV_X1Y2      MMCME2_ADV (Prop_mmcme2_adv_CLKIN1_CLKOUT0)
                                                     -7.070    -4.355 r  u_mmcm/CLKOUT0
                         net (fo=1, routed)           1.719    -2.636    clk_sys_mmcm
    BUFGCTRL_X0Y16       BUFG (Prop_bufg_I_O)         0.096    -2.540 r  u_clk_sys_buf/O
                         net (fo=3365, routed)        1.630    -0.910    u_tetris_ui_overlay/clk_sys
    SLICE_X62Y89         FDRE                                         r  u_tetris_ui_overlay/y_q2_reg[6]/C
  -------------------------------------------------------------------    -------------------
    SLICE_X62Y89         FDRE (Prop_fdre_C_Q)         0.518    -0.392 f  u_tetris_ui_overlay/y_q2_reg[6]/Q
                         net (fo=20, routed)          1.114     0.722    u_tetris_ui_overlay/y_q2[6]
    SLICE_X63Y89         LUT3 (Prop_lut3_I0_O)        0.124     0.846 r  u_tetris_ui_overlay/g0_b1_i_250/O
                         net (fo=97, routed)          1.008     1.854    u_tetris_ui_overlay/g0_b1_i_250_n_0
    SLICE_X62Y92         LUT5 (Prop_lut5_I0_O)        0.146     2.000 r  u_tetris_ui_overlay/g0_b1_i_103/O
                         net (fo=18, routed)          0.963     2.964    u_tetris_ui_overlay/g0_b1_i_937_n_0
    SLICE_X64Y91         LUT2 (Prop_lut2_I0_O)        0.328     3.292 f  u_tetris_ui_overlay/g0_b1_i_30/O
                         net (fo=61, routed)          0.717     4.009    u_tetris_ui_overlay/g0_b1_i_30_n_0
    SLICE_X64Y89         LUT3 (Prop_lut3_I2_O)        0.124     4.133 r  u_tetris_ui_overlay/g0_b1_i_247/O
                         net (fo=17, routed)          0.729     4.862    u_tetris_ui_overlay/g0_b1_i_247_n_0
    SLICE_X64Y97         LUT2 (Prop_lut2_I1_O)        0.124     4.986 r  u_tetris_ui_overlay/g0_b1_i_634/O
                         net (fo=1, routed)           0.000     4.986    u_tetris_ui_overlay/g0_b1_i_634_n_0
    SLICE_X64Y97         CARRY4 (Prop_carry4_S[1]_CO[3])
                                                      0.550     5.536 r  u_tetris_ui_overlay/g0_b1_i_350/CO[3]
                         net (fo=1, routed)           0.000     5.536    u_tetris_ui_overlay/g0_b1_i_350_n_0
    SLICE_X64Y98         CARRY4 (Prop_carry4_CI_CO[3])
                                                      0.114     5.650 r  u_tetris_ui_overlay/g0_b1_i_794/CO[3]
                         net (fo=1, routed)           0.000     5.650    u_tetris_ui_overlay/g0_b1_i_794_n_0
    SLICE_X64Y99         CARRY4 (Prop_carry4_CI_CO[3])
                                                      0.114     5.764 r  u_tetris_ui_overlay/g0_b1_i_626/CO[3]
                         net (fo=1, routed)           0.001     5.765    u_tetris_ui_overlay/g0_b1_i_626_n_0
    SLICE_X64Y100        CARRY4 (Prop_carry4_CI_CO[3])
                                                      0.114     5.879 r  u_tetris_ui_overlay/g0_b1_i_939/CO[3]
                         net (fo=1, routed)           0.000     5.879    u_tetris_ui_overlay/g0_b1_i_939_n_0
    SLICE_X64Y101        CARRY4 (Prop_carry4_CI_CO[3])
                                                      0.114     5.993 r  u_tetris_ui_overlay/g0_b1_i_795/CO[3]
                         net (fo=1, routed)           0.000     5.993    u_tetris_ui_overlay/g0_b1_i_795_n_0
    SLICE_X64Y102        CARRY4 (Prop_carry4_CI_CO[3])
                                                      0.114     6.107 r  u_tetris_ui_overlay/g0_b1_i_793/CO[3]
                         net (fo=1, routed)           0.000     6.107    u_tetris_ui_overlay/g0_b1_i_793_n_0
    SLICE_X64Y103        CARRY4 (Prop_carry4_CI_CO[3])
                                                      0.114     6.221 r  u_tetris_ui_overlay/g0_b1_i_627/CO[3]
                         net (fo=1, routed)           0.000     6.221    u_tetris_ui_overlay/g0_b1_i_627_n_0
    SLICE_X64Y104        CARRY4 (Prop_carry4_CI_CO[1])
                                                      0.157     6.378 r  u_tetris_ui_overlay/g0_b1_i_628/CO[1]
                         net (fo=2, routed)           0.608     6.986    u_tetris_ui_overlay/g0_b1_i_628_n_2
    SLICE_X62Y102        LUT4 (Prop_lut4_I2_O)        0.329     7.315 f  u_tetris_ui_overlay/g0_b1_i_1102/O
                         net (fo=1, routed)           0.432     7.747    u_tetris_ui_overlay/g0_b1_i_1102_n_0
    SLICE_X62Y101        LUT5 (Prop_lut5_I4_O)        0.124     7.871 f  u_tetris_ui_overlay/g0_b1_i_792/O
                         net (fo=1, routed)           0.643     8.514    u_tetris_ui_overlay/g0_b1_i_792_n_0
    SLICE_X63Y101        LUT6 (Prop_lut6_I0_O)        0.124     8.638 f  u_tetris_ui_overlay/g0_b1_i_495/O
                         net (fo=6, routed)           0.968     9.606    u_tetris_ui_overlay/g0_b1_i_495_n_0
    SLICE_X69Y95         LUT3 (Prop_lut3_I2_O)        0.150     9.756 r  u_tetris_ui_overlay/g0_b1_i_508/O
                         net (fo=2, routed)           0.630    10.386    u_tetris_ui_overlay/g0_b1_i_508_n_0
    SLICE_X68Y95         LUT6 (Prop_lut6_I0_O)        0.332    10.718 r  u_tetris_ui_overlay/g0_b1_i_379/O
                         net (fo=1, routed)           0.698    11.416    u_tetris_ui_overlay/g0_b1_i_379_n_0
    SLICE_X64Y92         LUT6 (Prop_lut6_I1_O)        0.124    11.540 r  u_tetris_ui_overlay/g0_b1_i_171/O
                         net (fo=1, routed)           0.161    11.701    u_tetris_ui_overlay/g0_b1_i_171_n_0
    SLICE_X64Y92         LUT6 (Prop_lut6_I1_O)        0.124    11.825 f  u_tetris_ui_overlay/g0_b1_i_60/O
                         net (fo=1, routed)           0.551    12.376    u_tetris_ui_overlay/g0_b1_i_60_n_0
    SLICE_X72Y92         LUT6 (Prop_lut6_I0_O)        0.124    12.500 r  u_tetris_ui_overlay/g0_b1_i_14/O
                         net (fo=1, routed)           0.488    12.988    u_tetris_ui_overlay/g0_b1_i_14_n_0
    SLICE_X72Y92         LUT6 (Prop_lut6_I0_O)        0.124    13.112 r  u_tetris_ui_overlay/g0_b1_i_3/O
                         net (fo=79, routed)          1.360    14.472    u_tetris_ui_overlay/char_code[2]
    SLICE_X77Y96         LUT6 (Prop_lut6_I2_O)        0.124    14.595 r  u_tetris_ui_overlay/g1_b52/O
                         net (fo=1, routed)           0.612    15.208    u_tetris_ui_overlay/g1_b52_n_0
    SLICE_X76Y95         LUT6 (Prop_lut6_I0_O)        0.124    15.332 r  u_tetris_ui_overlay/overlay_red_q[3]_i_121/O
                         net (fo=1, routed)           0.000    15.332    u_tetris_ui_overlay/overlay_red_q[3]_i_121_n_0
    SLICE_X76Y95         MUXF7 (Prop_muxf7_I1_O)      0.247    15.579 r  u_tetris_ui_overlay/overlay_red_q_reg[3]_i_50/O
                         net (fo=1, routed)           0.000    15.579    u_tetris_ui_overlay/overlay_red_q_reg[3]_i_50_n_0
    SLICE_X76Y95         MUXF8 (Prop_muxf8_I0_O)      0.098    15.677 r  u_tetris_ui_overlay/overlay_red_q_reg[3]_i_23/O
                         net (fo=1, routed)           0.736    16.413    u_tetris_ui_overlay/overlay_red_q_reg[3]_i_23_n_0
    SLICE_X72Y94         LUT6 (Prop_lut6_I5_O)        0.319    16.732 f  u_tetris_ui_overlay/overlay_red_q[3]_i_9/O
                         net (fo=1, routed)           1.118    17.850    u_tetris_ui_overlay/overlay_red_q[3]_i_9_n_0
    SLICE_X56Y93         LUT6 (Prop_lut6_I5_O)        0.124    17.974 f  u_tetris_ui_overlay/overlay_red_q[3]_i_3/O
                         net (fo=12, routed)          0.534    18.508    u_tetris_ui_overlay/overlay_red_q[3]_i_3_n_0
    SLICE_X56Y92         LUT6 (Prop_lut6_I5_O)        0.124    18.632 r  u_tetris_ui_overlay/overlay_red_q[0]_i_1/O
                         net (fo=1, routed)           0.000    18.632    overlay_red[0]
    SLICE_X56Y92         FDCE                                         r  overlay_red_q_reg[0]/D
  -------------------------------------------------------------------    -------------------

                         (clock clk_sys rise edge)   20.000    20.000 r  
    E3                                                0.000    20.000 r  i_clk (IN)
                         net (fo=0)                   0.000    20.000    i_clk
    E3                   IBUF (Prop_ibuf_I_O)         1.411    21.411 r  i_clk_IBUF_inst/O
                         net (fo=1, routed)           1.162    22.573    i_clk_IBUF
    MMCME2_ADV_X1Y2      MMCME2_ADV (Prop_mmcme2_adv_CLKIN1_CLKOUT0)
                                                     -7.324    15.249 r  u_mmcm/CLKOUT0
                         net (fo=1, routed)           1.639    16.888    clk_sys_mmcm
    BUFGCTRL_X0Y16       BUFG (Prop_bufg_I_O)         0.091    16.979 r  u_clk_sys_buf/O
                         net (fo=3365, routed)        1.504    18.484    clk_sys
    SLICE_X56Y92         FDCE                                         r  overlay_red_q_reg[0]/C
                         clock pessimism              0.559    19.043    
                         clock uncertainty           -0.089    18.955    
    SLICE_X56Y92         FDCE (Setup_fdce_C_D)        0.081    19.036    overlay_red_q_reg[0]
  -------------------------------------------------------------------
                         required time                         19.036    
                         arrival time                         -18.632    
  -------------------------------------------------------------------
                         slack                                  0.403    

Slack (MET) :             0.512ns  (required time - arrival time)
  Source:                 u_tetris_ui_overlay/y_q2_reg[6]/C
                            (rising edge-triggered cell FDRE clocked by clk_sys  {rise@0.000ns fall@10.000ns period=20.000ns})
  Destination:            overlay_green_q_reg[0]/D
                            (rising edge-triggered cell FDCE clocked by clk_sys  {rise@0.000ns fall@10.000ns period=20.000ns})
  Path Group:             clk_sys
  Path Type:              Setup (Max at Slow Process Corner)
  Requirement:            20.000ns  (clk_sys rise@20.000ns - clk_sys rise@0.000ns)
  Data Path Delay:        19.381ns  (logic 5.470ns (28.223%)  route 13.911ns (71.777%))
  Logic Levels:           29  (CARRY4=8 LUT2=2 LUT3=3 LUT4=1 LUT5=2 LUT6=11 MUXF7=1 MUXF8=1)
  Clock Path Skew:        -0.047ns (DCD - SCD + CPR)
    Destination Clock Delay (DCD):    -1.516ns = ( 18.484 - 20.000 ) 
    Source Clock Delay      (SCD):    -0.910ns
    Clock Pessimism Removal (CPR):    0.559ns
  Clock Uncertainty:      0.089ns  ((TSJ^2 + DJ^2)^1/2) / 2 + PE
    Total System Jitter     (TSJ):    0.071ns
    Discrete Jitter          (DJ):    0.163ns
    Phase Error              (PE):    0.000ns

    Location             Delay type                Incr(ns)  Path(ns)    Netlist Resource(s)
  -------------------------------------------------------------------    -------------------
                         (clock clk_sys rise edge)    0.000     0.000 r  
    E3                                                0.000     0.000 r  i_clk (IN)
                         net (fo=0)                   0.000     0.000    i_clk
    E3                   IBUF (Prop_ibuf_I_O)         1.482     1.482 r  i_clk_IBUF_inst/O
                         net (fo=1, routed)           1.233     2.715    i_clk_IBUF
    MMCME2_ADV_X1Y2      MMCME2_ADV (Prop_mmcme2_adv_CLKIN1_CLKOUT0)
                                                     -7.070    -4.355 r  u_mmcm/CLKOUT0
                         net (fo=1, routed)           1.719    -2.636    clk_sys_mmcm
    BUFGCTRL_X0Y16       BUFG (Prop_bufg_I_O)         0.096    -2.540 r  u_clk_sys_buf/O
                         net (fo=3365, routed)        1.630    -0.910    u_tetris_ui_overlay/clk_sys
    SLICE_X62Y89         FDRE                                         r  u_tetris_ui_overlay/y_q2_reg[6]/C
  -------------------------------------------------------------------    -------------------
    SLICE_X62Y89         FDRE (Prop_fdre_C_Q)         0.518    -0.392 f  u_tetris_ui_overlay/y_q2_reg[6]/Q
                         net (fo=20, routed)          1.114     0.722    u_tetris_ui_overlay/y_q2[6]
    SLICE_X63Y89         LUT3 (Prop_lut3_I0_O)        0.124     0.846 r  u_tetris_ui_overlay/g0_b1_i_250/O
                         net (fo=97, routed)          1.008     1.854    u_tetris_ui_overlay/g0_b1_i_250_n_0
    SLICE_X62Y92         LUT5 (Prop_lut5_I0_O)        0.146     2.000 r  u_tetris_ui_overlay/g0_b1_i_103/O
                         net (fo=18, routed)          0.963     2.964    u_tetris_ui_overlay/g0_b1_i_937_n_0
    SLICE_X64Y91         LUT2 (Prop_lut2_I0_O)        0.328     3.292 f  u_tetris_ui_overlay/g0_b1_i_30/O
                         net (fo=61, routed)          0.717     4.009    u_tetris_ui_overlay/g0_b1_i_30_n_0
    SLICE_X64Y89         LUT3 (Prop_lut3_I2_O)        0.124     4.133 r  u_tetris_ui_overlay/g0_b1_i_247/O
                         net (fo=17, routed)          0.729     4.862    u_tetris_ui_overlay/g0_b1_i_247_n_0
    SLICE_X64Y97         LUT2 (Prop_lut2_I1_O)        0.124     4.986 r  u_tetris_ui_overlay/g0_b1_i_634/O
                         net (fo=1, routed)           0.000     4.986    u_tetris_ui_overlay/g0_b1_i_634_n_0
    SLICE_X64Y97         CARRY4 (Prop_carry4_S[1]_CO[3])
                                                      0.550     5.536 r  u_tetris_ui_overlay/g0_b1_i_350/CO[3]
                         net (fo=1, routed)           0.000     5.536    u_tetris_ui_overlay/g0_b1_i_350_n_0
    SLICE_X64Y98         CARRY4 (Prop_carry4_CI_CO[3])
                                                      0.114     5.650 r  u_tetris_ui_overlay/g0_b1_i_794/CO[3]
                         net (fo=1, routed)           0.000     5.650    u_tetris_ui_overlay/g0_b1_i_794_n_0
    SLICE_X64Y99         CARRY4 (Prop_carry4_CI_CO[3])
                                                      0.114     5.764 r  u_tetris_ui_overlay/g0_b1_i_626/CO[3]
                         net (fo=1, routed)           0.001     5.765    u_tetris_ui_overlay/g0_b1_i_626_n_0
    SLICE_X64Y100        CARRY4 (Prop_carry4_CI_CO[3])
                                                      0.114     5.879 r  u_tetris_ui_overlay/g0_b1_i_939/CO[3]
                         net (fo=1, routed)           0.000     5.879    u_tetris_ui_overlay/g0_b1_i_939_n_0
    SLICE_X64Y101        CARRY4 (Prop_carry4_CI_CO[3])
                                                      0.114     5.993 r  u_tetris_ui_overlay/g0_b1_i_795/CO[3]
                         net (fo=1, routed)           0.000     5.993    u_tetris_ui_overlay/g0_b1_i_795_n_0
    SLICE_X64Y102        CARRY4 (Prop_carry4_CI_CO[3])
                                                      0.114     6.107 r  u_tetris_ui_overlay/g0_b1_i_793/CO[3]
                         net (fo=1, routed)           0.000     6.107    u_tetris_ui_overlay/g0_b1_i_793_n_0
    SLICE_X64Y103        CARRY4 (Prop_carry4_CI_CO[3])
                                                      0.114     6.221 r  u_tetris_ui_overlay/g0_b1_i_627/CO[3]
                         net (fo=1, routed)           0.000     6.221    u_tetris_ui_overlay/g0_b1_i_627_n_0
    SLICE_X64Y104        CARRY4 (Prop_carry4_CI_CO[1])
                                                      0.157     6.378 r  u_tetris_ui_overlay/g0_b1_i_628/CO[1]
                         net (fo=2, routed)           0.608     6.986    u_tetris_ui_overlay/g0_b1_i_628_n_2
    SLICE_X62Y102        LUT4 (Prop_lut4_I2_O)        0.329     7.315 f  u_tetris_ui_overlay/g0_b1_i_1102/O
                         net (fo=1, routed)           0.432     7.747    u_tetris_ui_overlay/g0_b1_i_1102_n_0
    SLICE_X62Y101        LUT5 (Prop_lut5_I4_O)        0.124     7.871 f  u_tetris_ui_overlay/g0_b1_i_792/O
                         net (fo=1, routed)           0.643     8.514    u_tetris_ui_overlay/g0_b1_i_792_n_0
    SLICE_X63Y101        LUT6 (Prop_lut6_I0_O)        0.124     8.638 f  u_tetris_ui_overlay/g0_b1_i_495/O
                         net (fo=6, routed)           0.968     9.606    u_tetris_ui_overlay/g0_b1_i_495_n_0
    SLICE_X69Y95         LUT3 (Prop_lut3_I2_O)        0.150     9.756 r  u_tetris_ui_overlay/g0_b1_i_508/O
                         net (fo=2, routed)           0.630    10.386    u_tetris_ui_overlay/g0_b1_i_508_n_0
    SLICE_X68Y95         LUT6 (Prop_lut6_I0_O)        0.332    10.718 r  u_tetris_ui_overlay/g0_b1_i_379/O
                         net (fo=1, routed)           0.698    11.416    u_tetris_ui_overlay/g0_b1_i_379_n_0
    SLICE_X64Y92         LUT6 (Prop_lut6_I1_O)        0.124    11.540 r  u_tetris_ui_overlay/g0_b1_i_171/O
                         net (fo=1, routed)           0.161    11.701    u_tetris_ui_overlay/g0_b1_i_171_n_0
    SLICE_X64Y92         LUT6 (Prop_lut6_I1_O)        0.124    11.825 f  u_tetris_ui_overlay/g0_b1_i_60/O
                         net (fo=1, routed)           0.551    12.376    u_tetris_ui_overlay/g0_b1_i_60_n_0
    SLICE_X72Y92         LUT6 (Prop_lut6_I0_O)        0.124    12.500 r  u_tetris_ui_overlay/g0_b1_i_14/O
                         net (fo=1, routed)           0.488    12.988    u_tetris_ui_overlay/g0_b1_i_14_n_0
    SLICE_X72Y92         LUT6 (Prop_lut6_I0_O)        0.124    13.112 r  u_tetris_ui_overlay/g0_b1_i_3/O
                         net (fo=79, routed)          1.360    14.472    u_tetris_ui_overlay/char_code[2]
    SLICE_X77Y96         LUT6 (Prop_lut6_I2_O)        0.124    14.595 r  u_tetris_ui_overlay/g1_b52/O
                         net (fo=1, routed)           0.612    15.208    u_tetris_ui_overlay/g1_b52_n_0
    SLICE_X76Y95         LUT6 (Prop_lut6_I0_O)        0.124    15.332 r  u_tetris_ui_overlay/overlay_red_q[3]_i_121/O
                         net (fo=1, routed)           0.000    15.332    u_tetris_ui_overlay/overlay_red_q[3]_i_121_n_0
    SLICE_X76Y95         MUXF7 (Prop_muxf7_I1_O)      0.247    15.579 r  u_tetris_ui_overlay/overlay_red_q_reg[3]_i_50/O
                         net (fo=1, routed)           0.000    15.579    u_tetris_ui_overlay/overlay_red_q_reg[3]_i_50_n_0
    SLICE_X76Y95         MUXF8 (Prop_muxf8_I0_O)      0.098    15.677 r  u_tetris_ui_overlay/overlay_red_q_reg[3]_i_23/O
                         net (fo=1, routed)           0.736    16.413    u_tetris_ui_overlay/overlay_red_q_reg[3]_i_23_n_0
    SLICE_X72Y94         LUT6 (Prop_lut6_I5_O)        0.319    16.732 f  u_tetris_ui_overlay/overlay_red_q[3]_i_9/O
                         net (fo=1, routed)           1.118    17.850    u_tetris_ui_overlay/overlay_red_q[3]_i_9_n_0
    SLICE_X56Y93         LUT6 (Prop_lut6_I5_O)        0.124    17.974 f  u_tetris_ui_overlay/overlay_red_q[3]_i_3/O
                         net (fo=12, routed)          0.374    18.348    u_tetris_ui_overlay/overlay_red_q[3]_i_3_n_0
    SLICE_X55Y93         LUT6 (Prop_lut6_I2_O)        0.124    18.472 r  u_tetris_ui_overlay/overlay_green_q[0]_i_1/O
                         net (fo=1, routed)           0.000    18.472    overlay_green[0]
    SLICE_X55Y93         FDCE                                         r  overlay_green_q_reg[0]/D
  -------------------------------------------------------------------    -------------------

                         (clock clk_sys rise edge)   20.000    20.000 r  
    E3                                                0.000    20.000 r  i_clk (IN)
                         net (fo=0)                   0.000    20.000    i_clk
    E3                   IBUF (Prop_ibuf_I_O)         1.411    21.411 r  i_clk_IBUF_inst/O
                         net (fo=1, routed)           1.162    22.573    i_clk_IBUF
    MMCME2_ADV_X1Y2      MMCME2_ADV (Prop_mmcme2_adv_CLKIN1_CLKOUT0)
                                                     -7.324    15.249 r  u_mmcm/CLKOUT0
                         net (fo=1, routed)           1.639    16.888    clk_sys_mmcm
    BUFGCTRL_X0Y16       BUFG (Prop_bufg_I_O)         0.091    16.979 r  u_clk_sys_buf/O
                         net (fo=3365, routed)        1.504    18.484    clk_sys
    SLICE_X55Y93         FDCE                                         r  overlay_green_q_reg[0]/C
                         clock pessimism              0.559    19.043    
                         clock uncertainty           -0.089    18.955    
    SLICE_X55Y93         FDCE (Setup_fdce_C_D)        0.029    18.984    overlay_green_q_reg[0]
  -------------------------------------------------------------------
                         required time                         18.984    
                         arrival time                         -18.472    
  -------------------------------------------------------------------
                         slack                                  0.512    

Slack (MET) :             0.518ns  (required time - arrival time)
  Source:                 u_tetris_ui_overlay/y_q2_reg[6]/C
                            (rising edge-triggered cell FDRE clocked by clk_sys  {rise@0.000ns fall@10.000ns period=20.000ns})
  Destination:            overlay_red_q_reg[1]/D
                            (rising edge-triggered cell FDCE clocked by clk_sys  {rise@0.000ns fall@10.000ns period=20.000ns})
  Path Group:             clk_sys
  Path Type:              Setup (Max at Slow Process Corner)
  Requirement:            20.000ns  (clk_sys rise@20.000ns - clk_sys rise@0.000ns)
  Data Path Delay:        19.379ns  (logic 5.470ns (28.227%)  route 13.909ns (71.773%))
  Logic Levels:           29  (CARRY4=8 LUT2=2 LUT3=3 LUT4=1 LUT5=2 LUT6=11 MUXF7=1 MUXF8=1)
  Clock Path Skew:        -0.046ns (DCD - SCD + CPR)
    Destination Clock Delay (DCD):    -1.515ns = ( 18.485 - 20.000 ) 
    Source Clock Delay      (SCD):    -0.910ns
    Clock Pessimism Removal (CPR):    0.559ns
  Clock Uncertainty:      0.089ns  ((TSJ^2 + DJ^2)^1/2) / 2 + PE
    Total System Jitter     (TSJ):    0.071ns
    Discrete Jitter          (DJ):    0.163ns
    Phase Error              (PE):    0.000ns

    Location             Delay type                Incr(ns)  Path(ns)    Netlist Resource(s)
  -------------------------------------------------------------------    -------------------
                         (clock clk_sys rise edge)    0.000     0.000 r  
    E3                                                0.000     0.000 r  i_clk (IN)
                         net (fo=0)                   0.000     0.000    i_clk
    E3                   IBUF (Prop_ibuf_I_O)         1.482     1.482 r  i_clk_IBUF_inst/O
                         net (fo=1, routed)           1.233     2.715    i_clk_IBUF
    MMCME2_ADV_X1Y2      MMCME2_ADV (Prop_mmcme2_adv_CLKIN1_CLKOUT0)
                                                     -7.070    -4.355 r  u_mmcm/CLKOUT0
                         net (fo=1, routed)           1.719    -2.636    clk_sys_mmcm
    BUFGCTRL_X0Y16       BUFG (Prop_bufg_I_O)         0.096    -2.540 r  u_clk_sys_buf/O
                         net (fo=3365, routed)        1.630    -0.910    u_tetris_ui_overlay/clk_sys
    SLICE_X62Y89         FDRE                                         r  u_tetris_ui_overlay/y_q2_reg[6]/C
  -------------------------------------------------------------------    -------------------
    SLICE_X62Y89         FDRE (Prop_fdre_C_Q)         0.518    -0.392 f  u_tetris_ui_overlay/y_q2_reg[6]/Q
                         net (fo=20, routed)          1.114     0.722    u_tetris_ui_overlay/y_q2[6]
    SLICE_X63Y89         LUT3 (Prop_lut3_I0_O)        0.124     0.846 r  u_tetris_ui_overlay/g0_b1_i_250/O
                         net (fo=97, routed)          1.008     1.854    u_tetris_ui_overlay/g0_b1_i_250_n_0
    SLICE_X62Y92         LUT5 (Prop_lut5_I0_O)        0.146     2.000 r  u_tetris_ui_overlay/g0_b1_i_103/O
                         net (fo=18, routed)          0.963     2.964    u_tetris_ui_overlay/g0_b1_i_937_n_0
    SLICE_X64Y91         LUT2 (Prop_lut2_I0_O)        0.328     3.292 f  u_tetris_ui_overlay/g0_b1_i_30/O
                         net (fo=61, routed)          0.717     4.009    u_tetris_ui_overlay/g0_b1_i_30_n_0
    SLICE_X64Y89         LUT3 (Prop_lut3_I2_O)        0.124     4.133 r  u_tetris_ui_overlay/g0_b1_i_247/O
                         net (fo=17, routed)          0.729     4.862    u_tetris_ui_overlay/g0_b1_i_247_n_0
    SLICE_X64Y97         LUT2 (Prop_lut2_I1_O)        0.124     4.986 r  u_tetris_ui_overlay/g0_b1_i_634/O
                         net (fo=1, routed)           0.000     4.986    u_tetris_ui_overlay/g0_b1_i_634_n_0
    SLICE_X64Y97         CARRY4 (Prop_carry4_S[1]_CO[3])
                                                      0.550     5.536 r  u_tetris_ui_overlay/g0_b1_i_350/CO[3]
                         net (fo=1, routed)           0.000     5.536    u_tetris_ui_overlay/g0_b1_i_350_n_0
    SLICE_X64Y98         CARRY4 (Prop_carry4_CI_CO[3])
                                                      0.114     5.650 r  u_tetris_ui_overlay/g0_b1_i_794/CO[3]
                         net (fo=1, routed)           0.000     5.650    u_tetris_ui_overlay/g0_b1_i_794_n_0
    SLICE_X64Y99         CARRY4 (Prop_carry4_CI_CO[3])
                                                      0.114     5.764 r  u_tetris_ui_overlay/g0_b1_i_626/CO[3]
                         net (fo=1, routed)           0.001     5.765    u_tetris_ui_overlay/g0_b1_i_626_n_0
    SLICE_X64Y100        CARRY4 (Prop_carry4_CI_CO[3])
                                                      0.114     5.879 r  u_tetris_ui_overlay/g0_b1_i_939/CO[3]
                         net (fo=1, routed)           0.000     5.879    u_tetris_ui_overlay/g0_b1_i_939_n_0
    SLICE_X64Y101        CARRY4 (Prop_carry4_CI_CO[3])
                                                      0.114     5.993 r  u_tetris_ui_overlay/g0_b1_i_795/CO[3]
                         net (fo=1, routed)           0.000     5.993    u_tetris_ui_overlay/g0_b1_i_795_n_0
    SLICE_X64Y102        CARRY4 (Prop_carry4_CI_CO[3])
                                                      0.114     6.107 r  u_tetris_ui_overlay/g0_b1_i_793/CO[3]
                         net (fo=1, routed)           0.000     6.107    u_tetris_ui_overlay/g0_b1_i_793_n_0
    SLICE_X64Y103        CARRY4 (Prop_carry4_CI_CO[3])
                                                      0.114     6.221 r  u_tetris_ui_overlay/g0_b1_i_627/CO[3]
                         net (fo=1, routed)           0.000     6.221    u_tetris_ui_overlay/g0_b1_i_627_n_0
    SLICE_X64Y104        CARRY4 (Prop_carry4_CI_CO[1])
                                                      0.157     6.378 r  u_tetris_ui_overlay/g0_b1_i_628/CO[1]
                         net (fo=2, routed)           0.608     6.986    u_tetris_ui_overlay/g0_b1_i_628_n_2
    SLICE_X62Y102        LUT4 (Prop_lut4_I2_O)        0.329     7.315 f  u_tetris_ui_overlay/g0_b1_i_1102/O
                         net (fo=1, routed)           0.432     7.747    u_tetris_ui_overlay/g0_b1_i_1102_n_0
    SLICE_X62Y101        LUT5 (Prop_lut5_I4_O)        0.124     7.871 f  u_tetris_ui_overlay/g0_b1_i_792/O
                         net (fo=1, routed)           0.643     8.514    u_tetris_ui_overlay/g0_b1_i_792_n_0
    SLICE_X63Y101        LUT6 (Prop_lut6_I0_O)        0.124     8.638 f  u_tetris_ui_overlay/g0_b1_i_495/O
                         net (fo=6, routed)           0.968     9.606    u_tetris_ui_overlay/g0_b1_i_495_n_0
    SLICE_X69Y95         LUT3 (Prop_lut3_I2_O)        0.150     9.756 r  u_tetris_ui_overlay/g0_b1_i_508/O
                         net (fo=2, routed)           0.630    10.386    u_tetris_ui_overlay/g0_b1_i_508_n_0
    SLICE_X68Y95         LUT6 (Prop_lut6_I0_O)        0.332    10.718 r  u_tetris_ui_overlay/g0_b1_i_379/O
                         net (fo=1, routed)           0.698    11.416    u_tetris_ui_overlay/g0_b1_i_379_n_0
    SLICE_X64Y92         LUT6 (Prop_lut6_I1_O)        0.124    11.540 r  u_tetris_ui_overlay/g0_b1_i_171/O
                         net (fo=1, routed)           0.161    11.701    u_tetris_ui_overlay/g0_b1_i_171_n_0
    SLICE_X64Y92         LUT6 (Prop_lut6_I1_O)        0.124    11.825 f  u_tetris_ui_overlay/g0_b1_i_60/O
                         net (fo=1, routed)           0.551    12.376    u_tetris_ui_overlay/g0_b1_i_60_n_0
    SLICE_X72Y92         LUT6 (Prop_lut6_I0_O)        0.124    12.500 r  u_tetris_ui_overlay/g0_b1_i_14/O
                         net (fo=1, routed)           0.488    12.988    u_tetris_ui_overlay/g0_b1_i_14_n_0
    SLICE_X72Y92         LUT6 (Prop_lut6_I0_O)        0.124    13.112 r  u_tetris_ui_overlay/g0_b1_i_3/O
                         net (fo=79, routed)          1.360    14.472    u_tetris_ui_overlay/char_code[2]
    SLICE_X77Y96         LUT6 (Prop_lut6_I2_O)        0.124    14.595 r  u_tetris_ui_overlay/g1_b52/O
                         net (fo=1, routed)           0.612    15.208    u_tetris_ui_overlay/g1_b52_n_0
    SLICE_X76Y95         LUT6 (Prop_lut6_I0_O)        0.124    15.332 r  u_tetris_ui_overlay/overlay_red_q[3]_i_121/O
                         net (fo=1, routed)           0.000    15.332    u_tetris_ui_overlay/overlay_red_q[3]_i_121_n_0
    SLICE_X76Y95         MUXF7 (Prop_muxf7_I1_O)      0.247    15.579 r  u_tetris_ui_overlay/overlay_red_q_reg[3]_i_50/O
                         net (fo=1, routed)           0.000    15.579    u_tetris_ui_overlay/overlay_red_q_reg[3]_i_50_n_0
    SLICE_X76Y95         MUXF8 (Prop_muxf8_I0_O)      0.098    15.677 r  u_tetris_ui_overlay/overlay_red_q_reg[3]_i_23/O
                         net (fo=1, routed)           0.736    16.413    u_tetris_ui_overlay/overlay_red_q_reg[3]_i_23_n_0
    SLICE_X72Y94         LUT6 (Prop_lut6_I5_O)        0.319    16.732 f  u_tetris_ui_overlay/overlay_red_q[3]_i_9/O
                         net (fo=1, routed)           1.118    17.850    u_tetris_ui_overlay/overlay_red_q[3]_i_9_n_0
    SLICE_X56Y93         LUT6 (Prop_lut6_I5_O)        0.124    17.974 f  u_tetris_ui_overlay/overlay_red_q[3]_i_3/O
                         net (fo=12, routed)          0.371    18.345    u_tetris_ui_overlay/overlay_red_q[3]_i_3_n_0
    SLICE_X57Y93         LUT6 (Prop_lut6_I5_O)        0.124    18.469 r  u_tetris_ui_overlay/overlay_red_q[1]_i_1/O
                         net (fo=1, routed)           0.000    18.469    overlay_red[1]
    SLICE_X57Y93         FDCE                                         r  overlay_red_q_reg[1]/D
  -------------------------------------------------------------------    -------------------

                         (clock clk_sys rise edge)   20.000    20.000 r  
    E3                                                0.000    20.000 r  i_clk (IN)
                         net (fo=0)                   0.000    20.000    i_clk
    E3                   IBUF (Prop_ibuf_I_O)         1.411    21.411 r  i_clk_IBUF_inst/O
                         net (fo=1, routed)           1.162    22.573    i_clk_IBUF
    MMCME2_ADV_X1Y2      MMCME2_ADV (Prop_mmcme2_adv_CLKIN1_CLKOUT0)
                                                     -7.324    15.249 r  u_mmcm/CLKOUT0
                         net (fo=1, routed)           1.639    16.888    clk_sys_mmcm
    BUFGCTRL_X0Y16       BUFG (Prop_bufg_I_O)         0.091    16.979 r  u_clk_sys_buf/O
                         net (fo=3365, routed)        1.505    18.485    clk_sys
    SLICE_X57Y93         FDCE                                         r  overlay_red_q_reg[1]/C
                         clock pessimism              0.559    19.044    
                         clock uncertainty           -0.089    18.956    
    SLICE_X57Y93         FDCE (Setup_fdce_C_D)        0.031    18.987    overlay_red_q_reg[1]
  -------------------------------------------------------------------
                         required time                         18.987    
                         arrival time                         -18.469    
  -------------------------------------------------------------------
                         slack                                  0.518    





Min Delay Paths
--------------------------------------------------------------------------------------
Slack (MET) :             0.039ns  (arrival time - required time)
  Source:                 save_board_reg[2][155]/C
                            (rising edge-triggered cell FDCE clocked by clk_sys  {rise@0.000ns fall@10.000ns period=20.000ns})
  Destination:            load_board_data_reg[155]/D
                            (rising edge-triggered cell FDCE clocked by clk_sys  {rise@0.000ns fall@10.000ns period=20.000ns})
  Path Group:             clk_sys
  Path Type:              Hold (Min at Fast Process Corner)
  Requirement:            0.000ns  (clk_sys rise@0.000ns - clk_sys rise@0.000ns)
  Data Path Delay:        0.329ns  (logic 0.186ns (56.615%)  route 0.143ns (43.385%))
  Logic Levels:           1  (LUT5=1)
  Clock Path Skew:        0.198ns (DCD - SCD - CPR)
    Destination Clock Delay (DCD):    -0.830ns
    Source Clock Delay      (SCD):    -0.525ns
    Clock Pessimism Removal (CPR):    -0.504ns

    Location             Delay type                Incr(ns)  Path(ns)    Netlist Resource(s)
  -------------------------------------------------------------------    -------------------
                         (clock clk_sys rise edge)    0.000     0.000 r  
    E3                                                0.000     0.000 r  i_clk (IN)
                         net (fo=0)                   0.000     0.000    i_clk
    E3                   IBUF (Prop_ibuf_I_O)         0.250     0.250 r  i_clk_IBUF_inst/O
                         net (fo=1, routed)           0.440     0.690    i_clk_IBUF
    MMCME2_ADV_X1Y2      MMCME2_ADV (Prop_mmcme2_adv_CLKIN1_CLKOUT0)
                                                     -2.379    -1.689 r  u_mmcm/CLKOUT0
                         net (fo=1, routed)           0.499    -1.190    clk_sys_mmcm
    BUFGCTRL_X0Y16       BUFG (Prop_bufg_I_O)         0.026    -1.164 r  u_clk_sys_buf/O
                         net (fo=3365, routed)        0.639    -0.525    clk_sys
    SLICE_X29Y49         FDCE                                         r  save_board_reg[2][155]/C
  -------------------------------------------------------------------    -------------------
    SLICE_X29Y49         FDCE (Prop_fdce_C_Q)         0.141    -0.384 r  save_board_reg[2][155]/Q
                         net (fo=1, routed)           0.143    -0.241    save_board_reg[2][155]
    SLICE_X29Y50         LUT5 (Prop_lut5_I0_O)        0.045    -0.196 r  load_board_data[155]_i_1/O
                         net (fo=1, routed)           0.000    -0.196    save_board[155]
    SLICE_X29Y50         FDCE                                         r  load_board_data_reg[155]/D
  -------------------------------------------------------------------    -------------------

                         (clock clk_sys rise edge)    0.000     0.000 r  
    E3                                                0.000     0.000 r  i_clk (IN)
                         net (fo=0)                   0.000     0.000    i_clk
    E3                   IBUF (Prop_ibuf_I_O)         0.438     0.438 r  i_clk_IBUF_inst/O
                         net (fo=1, routed)           0.480     0.918    i_clk_IBUF
    MMCME2_ADV_X1Y2      MMCME2_ADV (Prop_mmcme2_adv_CLKIN1_CLKOUT0)
                                                     -3.163    -2.245 r  u_mmcm/CLKOUT0
                         net (fo=1, routed)           0.544    -1.702    clk_sys_mmcm
    BUFGCTRL_X0Y16       BUFG (Prop_bufg_I_O)         0.029    -1.673 r  u_clk_sys_buf/O
                         net (fo=3365, routed)        0.843    -0.830    clk_sys
    SLICE_X29Y50         FDCE                                         r  load_board_data_reg[155]/C
                         clock pessimism              0.504    -0.326    
    SLICE_X29Y50         FDCE (Hold_fdce_C_D)         0.091    -0.235    load_board_data_reg[155]
  -------------------------------------------------------------------
                         required time                          0.235    
                         arrival time                          -0.196    
  -------------------------------------------------------------------
                         slack                                  0.039    

Slack (MET) :             0.043ns  (arrival time - required time)
  Source:                 u_tetris_game/board_pipe_reg[153]/C
                            (rising edge-triggered cell FDCE clocked by clk_sys  {rise@0.000ns fall@10.000ns period=20.000ns})
  Destination:            u_tetris_game/o_board_flat_reg[153]/D
                            (rising edge-triggered cell FDCE clocked by clk_sys  {rise@0.000ns fall@10.000ns period=20.000ns})
  Path Group:             clk_sys
  Path Type:              Hold (Min at Fast Process Corner)
  Requirement:            0.000ns  (clk_sys rise@0.000ns - clk_sys rise@0.000ns)
  Data Path Delay:        0.500ns  (logic 0.227ns (45.422%)  route 0.273ns (54.578%))
  Logic Levels:           1  (LUT3=1)
  Clock Path Skew:        0.336ns (DCD - SCD - CPR)
    Destination Clock Delay (DCD):    -0.760ns
    Source Clock Delay      (SCD):    -0.592ns
    Clock Pessimism Removal (CPR):    -0.504ns

    Location             Delay type                Incr(ns)  Path(ns)    Netlist Resource(s)
  -------------------------------------------------------------------    -------------------
                         (clock clk_sys rise edge)    0.000     0.000 r  
    E3                                                0.000     0.000 r  i_clk (IN)
                         net (fo=0)                   0.000     0.000    i_clk
    E3                   IBUF (Prop_ibuf_I_O)         0.250     0.250 r  i_clk_IBUF_inst/O
                         net (fo=1, routed)           0.440     0.690    i_clk_IBUF
    MMCME2_ADV_X1Y2      MMCME2_ADV (Prop_mmcme2_adv_CLKIN1_CLKOUT0)
                                                     -2.379    -1.689 r  u_mmcm/CLKOUT0
                         net (fo=1, routed)           0.499    -1.190    clk_sys_mmcm
    BUFGCTRL_X0Y16       BUFG (Prop_bufg_I_O)         0.026    -1.164 r  u_clk_sys_buf/O
                         net (fo=3365, routed)        0.572    -0.592    u_tetris_game/clk_sys
    SLICE_X31Y50         FDCE                                         r  u_tetris_game/board_pipe_reg[153]/C
  -------------------------------------------------------------------    -------------------
    SLICE_X31Y50         FDCE (Prop_fdce_C_Q)         0.128    -0.464 r  u_tetris_game/board_pipe_reg[153]/Q
                         net (fo=1, routed)           0.273    -0.192    u_tetris_game/board_pipe_reg_n_0_[153]
    SLICE_X30Y49         LUT3 (Prop_lut3_I2_O)        0.099    -0.093 r  u_tetris_game/o_board_flat[153]_i_1/O
                         net (fo=1, routed)           0.000    -0.093    u_tetris_game/o_board_flat[153]_i_1_n_0
    SLICE_X30Y49         FDCE                                         r  u_tetris_game/o_board_flat_reg[153]/D
  -------------------------------------------------------------------    -------------------

                         (clock clk_sys rise edge)    0.000     0.000 r  
    E3                                                0.000     0.000 r  i_clk (IN)
                         net (fo=0)                   0.000     0.000    i_clk
    E3                   IBUF (Prop_ibuf_I_O)         0.438     0.438 r  i_clk_IBUF_inst/O
                         net (fo=1, routed)           0.480     0.918    i_clk_IBUF
    MMCME2_ADV_X1Y2      MMCME2_ADV (Prop_mmcme2_adv_CLKIN1_CLKOUT0)
                                                     -3.163    -2.245 r  u_mmcm/CLKOUT0
                         net (fo=1, routed)           0.544    -1.702    clk_sys_mmcm
    BUFGCTRL_X0Y16       BUFG (Prop_bufg_I_O)         0.029    -1.673 r  u_clk_sys_buf/O
                         net (fo=3365, routed)        0.913    -0.760    u_tetris_game/clk_sys
    SLICE_X30Y49         FDCE                                         r  u_tetris_game/o_board_flat_reg[153]/C
                         clock pessimism              0.504    -0.256    
    SLICE_X30Y49         FDCE (Hold_fdce_C_D)         0.121    -0.135    u_tetris_game/o_board_flat_reg[153]
  -------------------------------------------------------------------
                         required time                          0.135    
                         arrival time                          -0.093    
  -------------------------------------------------------------------
                         slack                                  0.043    

Slack (MET) :             0.047ns  (arrival time - required time)
  Source:                 u_tetris_game/o_board_flat_reg[91]/C
                            (rising edge-triggered cell FDCE clocked by clk_sys  {rise@0.000ns fall@10.000ns period=20.000ns})
  Destination:            save_board_reg[2][91]/D
                            (rising edge-triggered cell FDCE clocked by clk_sys  {rise@0.000ns fall@10.000ns period=20.000ns})
  Path Group:             clk_sys
  Path Type:              Hold (Min at Fast Process Corner)
  Requirement:            0.000ns  (clk_sys rise@0.000ns - clk_sys rise@0.000ns)
  Data Path Delay:        0.319ns  (logic 0.128ns (40.074%)  route 0.191ns (59.926%))
  Logic Levels:           0  
  Clock Path Skew:        0.266ns (DCD - SCD - CPR)
    Destination Clock Delay (DCD):    -0.767ns
    Source Clock Delay      (SCD):    -0.533ns
    Clock Pessimism Removal (CPR):    -0.501ns

    Location             Delay type                Incr(ns)  Path(ns)    Netlist Resource(s)
  -------------------------------------------------------------------    -------------------
                         (clock clk_sys rise edge)    0.000     0.000 r  
    E3                                                0.000     0.000 r  i_clk (IN)
                         net (fo=0)                   0.000     0.000    i_clk
    E3                   IBUF (Prop_ibuf_I_O)         0.250     0.250 r  i_clk_IBUF_inst/O
                         net (fo=1, routed)           0.440     0.690    i_clk_IBUF
    MMCME2_ADV_X1Y2      MMCME2_ADV (Prop_mmcme2_adv_CLKIN1_CLKOUT0)
                                                     -2.379    -1.689 r  u_mmcm/CLKOUT0
                         net (fo=1, routed)           0.499    -1.190    clk_sys_mmcm
    BUFGCTRL_X0Y16       BUFG (Prop_bufg_I_O)         0.026    -1.164 r  u_clk_sys_buf/O
                         net (fo=3365, routed)        0.631    -0.533    u_tetris_game/clk_sys
    SLICE_X53Y48         FDCE                                         r  u_tetris_game/o_board_flat_reg[91]/C
  -------------------------------------------------------------------    -------------------
    SLICE_X53Y48         FDCE (Prop_fdce_C_Q)         0.128    -0.405 r  u_tetris_game/o_board_flat_reg[91]/Q
                         net (fo=5, routed)           0.191    -0.213    board_flat[91]
    SLICE_X50Y47         FDCE                                         r  save_board_reg[2][91]/D
  -------------------------------------------------------------------    -------------------

                         (clock clk_sys rise edge)    0.000     0.000 r  
    E3                                                0.000     0.000 r  i_clk (IN)
                         net (fo=0)                   0.000     0.000    i_clk
    E3                   IBUF (Prop_ibuf_I_O)         0.438     0.438 r  i_clk_IBUF_inst/O
                         net (fo=1, routed)           0.480     0.918    i_clk_IBUF
    MMCME2_ADV_X1Y2      MMCME2_ADV (Prop_mmcme2_adv_CLKIN1_CLKOUT0)
                                                     -3.163    -2.245 r  u_mmcm/CLKOUT0
                         net (fo=1, routed)           0.544    -1.702    clk_sys_mmcm
    BUFGCTRL_X0Y16       BUFG (Prop_bufg_I_O)         0.029    -1.673 r  u_clk_sys_buf/O
                         net (fo=3365, routed)        0.906    -0.767    clk_sys
    SLICE_X50Y47         FDCE                                         r  save_board_reg[2][91]/C
                         clock pessimism              0.501    -0.267    
    SLICE_X50Y47         FDCE (Hold_fdce_C_D)         0.006    -0.261    save_board_reg[2][91]
  -------------------------------------------------------------------
                         required time                          0.261    
                         arrival time                          -0.213    
  -------------------------------------------------------------------
                         slack                                  0.047    

Slack (MET) :             0.062ns  (arrival time - required time)
  Source:                 u_tetris_game/lock_x_pending_reg[0]/C
                            (rising edge-triggered cell FDPE clocked by clk_sys  {rise@0.000ns fall@10.000ns period=20.000ns})
  Destination:            u_tetris_game/lock_x_reg_reg[0]/D
                            (rising edge-triggered cell FDPE clocked by clk_sys  {rise@0.000ns fall@10.000ns period=20.000ns})
  Path Group:             clk_sys
  Path Type:              Hold (Min at Fast Process Corner)
  Requirement:            0.000ns  (clk_sys rise@0.000ns - clk_sys rise@0.000ns)
  Data Path Delay:        0.397ns  (logic 0.141ns (35.556%)  route 0.256ns (64.444%))
  Logic Levels:           0  
  Clock Path Skew:        0.263ns (DCD - SCD - CPR)
    Destination Clock Delay (DCD):    -0.852ns
    Source Clock Delay      (SCD):    -0.611ns
    Clock Pessimism Removal (CPR):    -0.504ns

    Location             Delay type                Incr(ns)  Path(ns)    Netlist Resource(s)
  -------------------------------------------------------------------    -------------------
                         (clock clk_sys rise edge)    0.000     0.000 r  
    E3                                                0.000     0.000 r  i_clk (IN)
                         net (fo=0)                   0.000     0.000    i_clk
    E3                   IBUF (Prop_ibuf_I_O)         0.250     0.250 r  i_clk_IBUF_inst/O
                         net (fo=1, routed)           0.440     0.690    i_clk_IBUF
    MMCME2_ADV_X1Y2      MMCME2_ADV (Prop_mmcme2_adv_CLKIN1_CLKOUT0)
                                                     -2.379    -1.689 r  u_mmcm/CLKOUT0
                         net (fo=1, routed)           0.499    -1.190    clk_sys_mmcm
    BUFGCTRL_X0Y16       BUFG (Prop_bufg_I_O)         0.026    -1.164 r  u_clk_sys_buf/O
                         net (fo=3365, routed)        0.553    -0.611    u_tetris_game/clk_sys
    SLICE_X49Y75         FDPE                                         r  u_tetris_game/lock_x_pending_reg[0]/C
  -------------------------------------------------------------------    -------------------
    SLICE_X49Y75         FDPE (Prop_fdpe_C_Q)         0.141    -0.470 r  u_tetris_game/lock_x_pending_reg[0]/Q
                         net (fo=1, routed)           0.256    -0.215    u_tetris_game/lock_x_pending_reg_n_0_[0]
    SLICE_X59Y75         FDPE                                         r  u_tetris_game/lock_x_reg_reg[0]/D
  -------------------------------------------------------------------    -------------------

                         (clock clk_sys rise edge)    0.000     0.000 r  
    E3                                                0.000     0.000 r  i_clk (IN)
                         net (fo=0)                   0.000     0.000    i_clk
    E3                   IBUF (Prop_ibuf_I_O)         0.438     0.438 r  i_clk_IBUF_inst/O
                         net (fo=1, routed)           0.480     0.918    i_clk_IBUF
    MMCME2_ADV_X1Y2      MMCME2_ADV (Prop_mmcme2_adv_CLKIN1_CLKOUT0)
                                                     -3.163    -2.245 r  u_mmcm/CLKOUT0
                         net (fo=1, routed)           0.544    -1.702    clk_sys_mmcm
    BUFGCTRL_X0Y16       BUFG (Prop_bufg_I_O)         0.029    -1.673 r  u_clk_sys_buf/O
                         net (fo=3365, routed)        0.821    -0.852    u_tetris_game/clk_sys
    SLICE_X59Y75         FDPE                                         r  u_tetris_game/lock_x_reg_reg[0]/C
                         clock pessimism              0.504    -0.348    
    SLICE_X59Y75         FDPE (Hold_fdpe_C_D)         0.072    -0.276    u_tetris_game/lock_x_reg_reg[0]
  -------------------------------------------------------------------
                         required time                          0.276    
                         arrival time                          -0.215    
  -------------------------------------------------------------------
                         slack                                  0.062    

Slack (MET) :             0.067ns  (arrival time - required time)
  Source:                 u_tetris_game/o_board_flat_reg[123]/C
                            (rising edge-triggered cell FDCE clocked by clk_sys  {rise@0.000ns fall@10.000ns period=20.000ns})
  Destination:            save_board_reg[1][123]/D
                            (rising edge-triggered cell FDCE clocked by clk_sys  {rise@0.000ns fall@10.000ns period=20.000ns})
  Path Group:             clk_sys
  Path Type:              Hold (Min at Fast Process Corner)
  Requirement:            0.000ns  (clk_sys rise@0.000ns - clk_sys rise@0.000ns)
  Data Path Delay:        0.336ns  (logic 0.141ns (41.968%)  route 0.195ns (58.032%))
  Logic Levels:           0  
  Clock Path Skew:        0.199ns (DCD - SCD - CPR)
    Destination Clock Delay (DCD):    -0.835ns
    Source Clock Delay      (SCD):    -0.531ns
    Clock Pessimism Removal (CPR):    -0.504ns

    Location             Delay type                Incr(ns)  Path(ns)    Netlist Resource(s)
  -------------------------------------------------------------------    -------------------
                         (clock clk_sys rise edge)    0.000     0.000 r  
    E3                                                0.000     0.000 r  i_clk (IN)
                         net (fo=0)                   0.000     0.000    i_clk
    E3                   IBUF (Prop_ibuf_I_O)         0.250     0.250 r  i_clk_IBUF_inst/O
                         net (fo=1, routed)           0.440     0.690    i_clk_IBUF
    MMCME2_ADV_X1Y2      MMCME2_ADV (Prop_mmcme2_adv_CLKIN1_CLKOUT0)
                                                     -2.379    -1.689 r  u_mmcm/CLKOUT0
                         net (fo=1, routed)           0.499    -1.190    clk_sys_mmcm
    BUFGCTRL_X0Y16       BUFG (Prop_bufg_I_O)         0.026    -1.164 r  u_clk_sys_buf/O
                         net (fo=3365, routed)        0.633    -0.531    u_tetris_game/clk_sys
    SLICE_X47Y49         FDCE                                         r  u_tetris_game/o_board_flat_reg[123]/C
  -------------------------------------------------------------------    -------------------
    SLICE_X47Y49         FDCE (Prop_fdce_C_Q)         0.141    -0.390 r  u_tetris_game/o_board_flat_reg[123]/Q
                         net (fo=5, routed)           0.195    -0.195    board_flat[123]
    SLICE_X48Y51         FDCE                                         r  save_board_reg[1][123]/D
  -------------------------------------------------------------------    -------------------

                         (clock clk_sys rise edge)    0.000     0.000 r  
    E3                                                0.000     0.000 r  i_clk (IN)
                         net (fo=0)                   0.000     0.000    i_clk
    E3                   IBUF (Prop_ibuf_I_O)         0.438     0.438 r  i_clk_IBUF_inst/O
                         net (fo=1, routed)           0.480     0.918    i_clk_IBUF
    MMCME2_ADV_X1Y2      MMCME2_ADV (Prop_mmcme2_adv_CLKIN1_CLKOUT0)
                                                     -3.163    -2.245 r  u_mmcm/CLKOUT0
                         net (fo=1, routed)           0.544    -1.702    clk_sys_mmcm
    BUFGCTRL_X0Y16       BUFG (Prop_bufg_I_O)         0.029    -1.673 r  u_clk_sys_buf/O
                         net (fo=3365, routed)        0.838    -0.835    clk_sys
    SLICE_X48Y51         FDCE                                         r  save_board_reg[1][123]/C
                         clock pessimism              0.504    -0.331    
    SLICE_X48Y51         FDCE (Hold_fdce_C_D)         0.070    -0.261    save_board_reg[1][123]
  -------------------------------------------------------------------
                         required time                          0.261    
                         arrival time                          -0.195    
  -------------------------------------------------------------------
                         slack                                  0.067    

Slack (MET) :             0.071ns  (arrival time - required time)
  Source:                 u_tetris_game/o_board_flat_reg[123]/C
                            (rising edge-triggered cell FDCE clocked by clk_sys  {rise@0.000ns fall@10.000ns period=20.000ns})
  Destination:            save_board_reg[2][123]/D
                            (rising edge-triggered cell FDCE clocked by clk_sys  {rise@0.000ns fall@10.000ns period=20.000ns})
  Path Group:             clk_sys
  Path Type:              Hold (Min at Fast Process Corner)
  Requirement:            0.000ns  (clk_sys rise@0.000ns - clk_sys rise@0.000ns)
  Data Path Delay:        0.329ns  (logic 0.141ns (42.852%)  route 0.188ns (57.148%))
  Logic Levels:           0  
  Clock Path Skew:        0.199ns (DCD - SCD - CPR)
    Destination Clock Delay (DCD):    -0.835ns
    Source Clock Delay      (SCD):    -0.531ns
    Clock Pessimism Removal (CPR):    -0.504ns

    Location             Delay type                Incr(ns)  Path(ns)    Netlist Resource(s)
  -------------------------------------------------------------------    -------------------
                         (clock clk_sys rise edge)    0.000     0.000 r  
    E3                                                0.000     0.000 r  i_clk (IN)
                         net (fo=0)                   0.000     0.000    i_clk
    E3                   IBUF (Prop_ibuf_I_O)         0.250     0.250 r  i_clk_IBUF_inst/O
                         net (fo=1, routed)           0.440     0.690    i_clk_IBUF
    MMCME2_ADV_X1Y2      MMCME2_ADV (Prop_mmcme2_adv_CLKIN1_CLKOUT0)
                                                     -2.379    -1.689 r  u_mmcm/CLKOUT0
                         net (fo=1, routed)           0.499    -1.190    clk_sys_mmcm
    BUFGCTRL_X0Y16       BUFG (Prop_bufg_I_O)         0.026    -1.164 r  u_clk_sys_buf/O
                         net (fo=3365, routed)        0.633    -0.531    u_tetris_game/clk_sys
    SLICE_X47Y49         FDCE                                         r  u_tetris_game/o_board_flat_reg[123]/C
  -------------------------------------------------------------------    -------------------
    SLICE_X47Y49         FDCE (Prop_fdce_C_Q)         0.141    -0.390 r  u_tetris_game/o_board_flat_reg[123]/Q
                         net (fo=5, routed)           0.188    -0.202    board_flat[123]
    SLICE_X46Y50         FDCE                                         r  save_board_reg[2][123]/D
  -------------------------------------------------------------------    -------------------

                         (clock clk_sys rise edge)    0.000     0.000 r  
    E3                                                0.000     0.000 r  i_clk (IN)
                         net (fo=0)                   0.000     0.000    i_clk
    E3                   IBUF (Prop_ibuf_I_O)         0.438     0.438 r  i_clk_IBUF_inst/O
                         net (fo=1, routed)           0.480     0.918    i_clk_IBUF
    MMCME2_ADV_X1Y2      MMCME2_ADV (Prop_mmcme2_adv_CLKIN1_CLKOUT0)
                                                     -3.163    -2.245 r  u_mmcm/CLKOUT0
                         net (fo=1, routed)           0.544    -1.702    clk_sys_mmcm
    BUFGCTRL_X0Y16       BUFG (Prop_bufg_I_O)         0.029    -1.673 r  u_clk_sys_buf/O
                         net (fo=3365, routed)        0.838    -0.835    clk_sys
    SLICE_X46Y50         FDCE                                         r  save_board_reg[2][123]/C
                         clock pessimism              0.504    -0.331    
    SLICE_X46Y50         FDCE (Hold_fdce_C_D)         0.059    -0.272    save_board_reg[2][123]
  -------------------------------------------------------------------
                         required time                          0.272    
                         arrival time                          -0.202    
  -------------------------------------------------------------------
                         slack                                  0.071    

Slack (MET) :             0.071ns  (arrival time - required time)
  Source:                 u_tetris_game/lock_y_pending_reg[4]/C
                            (rising edge-triggered cell FDCE clocked by clk_sys  {rise@0.000ns fall@10.000ns period=20.000ns})
  Destination:            u_tetris_game/lock_y_reg_reg[4]/D
                            (rising edge-triggered cell FDCE clocked by clk_sys  {rise@0.000ns fall@10.000ns period=20.000ns})
  Path Group:             clk_sys
  Path Type:              Hold (Min at Fast Process Corner)
  Requirement:            0.000ns  (clk_sys rise@0.000ns - clk_sys rise@0.000ns)
  Data Path Delay:        0.405ns  (logic 0.141ns (34.819%)  route 0.264ns (65.181%))
  Logic Levels:           0  
  Clock Path Skew:        0.263ns (DCD - SCD - CPR)
    Destination Clock Delay (DCD):    -0.852ns
    Source Clock Delay      (SCD):    -0.611ns
    Clock Pessimism Removal (CPR):    -0.504ns

    Location             Delay type                Incr(ns)  Path(ns)    Netlist Resource(s)
  -------------------------------------------------------------------    -------------------
                         (clock clk_sys rise edge)    0.000     0.000 r  
    E3                                                0.000     0.000 r  i_clk (IN)
                         net (fo=0)                   0.000     0.000    i_clk
    E3                   IBUF (Prop_ibuf_I_O)         0.250     0.250 r  i_clk_IBUF_inst/O
                         net (fo=1, routed)           0.440     0.690    i_clk_IBUF
    MMCME2_ADV_X1Y2      MMCME2_ADV (Prop_mmcme2_adv_CLKIN1_CLKOUT0)
                                                     -2.379    -1.689 r  u_mmcm/CLKOUT0
                         net (fo=1, routed)           0.499    -1.190    clk_sys_mmcm
    BUFGCTRL_X0Y16       BUFG (Prop_bufg_I_O)         0.026    -1.164 r  u_clk_sys_buf/O
                         net (fo=3365, routed)        0.553    -0.611    u_tetris_game/clk_sys
    SLICE_X49Y75         FDCE                                         r  u_tetris_game/lock_y_pending_reg[4]/C
  -------------------------------------------------------------------    -------------------
    SLICE_X49Y75         FDCE (Prop_fdce_C_Q)         0.141    -0.470 r  u_tetris_game/lock_y_pending_reg[4]/Q
                         net (fo=1, routed)           0.264    -0.206    u_tetris_game/lock_y_pending[4]
    SLICE_X59Y75         FDCE                                         r  u_tetris_game/lock_y_reg_reg[4]/D
  -------------------------------------------------------------------    -------------------

                         (clock clk_sys rise edge)    0.000     0.000 r  
    E3                                                0.000     0.000 r  i_clk (IN)
                         net (fo=0)                   0.000     0.000    i_clk
    E3                   IBUF (Prop_ibuf_I_O)         0.438     0.438 r  i_clk_IBUF_inst/O
                         net (fo=1, routed)           0.480     0.918    i_clk_IBUF
    MMCME2_ADV_X1Y2      MMCME2_ADV (Prop_mmcme2_adv_CLKIN1_CLKOUT0)
                                                     -3.163    -2.245 r  u_mmcm/CLKOUT0
                         net (fo=1, routed)           0.544    -1.702    clk_sys_mmcm
    BUFGCTRL_X0Y16       BUFG (Prop_bufg_I_O)         0.029    -1.673 r  u_clk_sys_buf/O
                         net (fo=3365, routed)        0.821    -0.852    u_tetris_game/clk_sys
    SLICE_X59Y75         FDCE                                         r  u_tetris_game/lock_y_reg_reg[4]/C
                         clock pessimism              0.504    -0.348    
    SLICE_X59Y75         FDCE (Hold_fdce_C_D)         0.071    -0.277    u_tetris_game/lock_y_reg_reg[4]
  -------------------------------------------------------------------
                         required time                          0.277    
                         arrival time                          -0.206    
  -------------------------------------------------------------------
                         slack                                  0.071    

Slack (MET) :             0.081ns  (arrival time - required time)
  Source:                 u_tetris_game/board_pipe_reg[74]/C
                            (rising edge-triggered cell FDCE clocked by clk_sys  {rise@0.000ns fall@10.000ns period=20.000ns})
  Destination:            u_tetris_game/o_board_flat_reg[74]/D
                            (rising edge-triggered cell FDCE clocked by clk_sys  {rise@0.000ns fall@10.000ns period=20.000ns})
  Path Group:             clk_sys
  Path Type:              Hold (Min at Fast Process Corner)
  Requirement:            0.000ns  (clk_sys rise@0.000ns - clk_sys rise@0.000ns)
  Data Path Delay:        0.538ns  (logic 0.247ns (45.942%)  route 0.291ns (54.058%))
  Logic Levels:           1  (LUT3=1)
  Clock Path Skew:        0.336ns (DCD - SCD - CPR)
    Destination Clock Delay (DCD):    -0.763ns
    Source Clock Delay      (SCD):    -0.595ns
    Clock Pessimism Removal (CPR):    -0.504ns

    Location             Delay type                Incr(ns)  Path(ns)    Netlist Resource(s)
  -------------------------------------------------------------------    -------------------
                         (clock clk_sys rise edge)    0.000     0.000 r  
    E3                                                0.000     0.000 r  i_clk (IN)
                         net (fo=0)                   0.000     0.000    i_clk
    E3                   IBUF (Prop_ibuf_I_O)         0.250     0.250 r  i_clk_IBUF_inst/O
                         net (fo=1, routed)           0.440     0.690    i_clk_IBUF
    MMCME2_ADV_X1Y2      MMCME2_ADV (Prop_mmcme2_adv_CLKIN1_CLKOUT0)
                                                     -2.379    -1.689 r  u_mmcm/CLKOUT0
                         net (fo=1, routed)           0.499    -1.190    clk_sys_mmcm
    BUFGCTRL_X0Y16       BUFG (Prop_bufg_I_O)         0.026    -1.164 r  u_clk_sys_buf/O
                         net (fo=3365, routed)        0.569    -0.595    u_tetris_game/clk_sys
    SLICE_X62Y50         FDCE                                         r  u_tetris_game/board_pipe_reg[74]/C
  -------------------------------------------------------------------    -------------------
    SLICE_X62Y50         FDCE (Prop_fdce_C_Q)         0.148    -0.447 r  u_tetris_game/board_pipe_reg[74]/Q
                         net (fo=1, routed)           0.291    -0.157    u_tetris_game/board_pipe_reg_n_0_[74]
    SLICE_X62Y49         LUT3 (Prop_lut3_I2_O)        0.099    -0.058 r  u_tetris_game/o_board_flat[74]_i_1/O
                         net (fo=1, routed)           0.000    -0.058    u_tetris_game/o_board_flat[74]_i_1_n_0
    SLICE_X62Y49         FDCE                                         r  u_tetris_game/o_board_flat_reg[74]/D
  -------------------------------------------------------------------    -------------------

                         (clock clk_sys rise edge)    0.000     0.000 r  
    E3                                                0.000     0.000 r  i_clk (IN)
                         net (fo=0)                   0.000     0.000    i_clk
    E3                   IBUF (Prop_ibuf_I_O)         0.438     0.438 r  i_clk_IBUF_inst/O
                         net (fo=1, routed)           0.480     0.918    i_clk_IBUF
    MMCME2_ADV_X1Y2      MMCME2_ADV (Prop_mmcme2_adv_CLKIN1_CLKOUT0)
                                                     -3.163    -2.245 r  u_mmcm/CLKOUT0
                         net (fo=1, routed)           0.544    -1.702    clk_sys_mmcm
    BUFGCTRL_X0Y16       BUFG (Prop_bufg_I_O)         0.029    -1.673 r  u_clk_sys_buf/O
                         net (fo=3365, routed)        0.910    -0.763    u_tetris_game/clk_sys
    SLICE_X62Y49         FDCE                                         r  u_tetris_game/o_board_flat_reg[74]/C
                         clock pessimism              0.504    -0.259    
    SLICE_X62Y49         FDCE (Hold_fdce_C_D)         0.121    -0.138    u_tetris_game/o_board_flat_reg[74]
  -------------------------------------------------------------------
                         required time                          0.138    
                         arrival time                          -0.058    
  -------------------------------------------------------------------
                         slack                                  0.081    

Slack (MET) :             0.090ns  (arrival time - required time)
  Source:                 load_board_data_reg[65]/C
                            (rising edge-triggered cell FDCE clocked by clk_sys  {rise@0.000ns fall@10.000ns period=20.000ns})
  Destination:            u_tetris_game/board_work_reg[65]/D
                            (rising edge-triggered cell FDCE clocked by clk_sys  {rise@0.000ns fall@10.000ns period=20.000ns})
  Path Group:             clk_sys
  Path Type:              Hold (Min at Fast Process Corner)
  Requirement:            0.000ns  (clk_sys rise@0.000ns - clk_sys rise@0.000ns)
  Data Path Delay:        0.410ns  (logic 0.186ns (45.392%)  route 0.224ns (54.608%))
  Logic Levels:           1  (LUT5=1)
  Clock Path Skew:        0.199ns (DCD - SCD - CPR)
    Destination Clock Delay (DCD):    -0.833ns
    Source Clock Delay      (SCD):    -0.529ns
    Clock Pessimism Removal (CPR):    -0.504ns

    Location             Delay type                Incr(ns)  Path(ns)    Netlist Resource(s)
  -------------------------------------------------------------------    -------------------
                         (clock clk_sys rise edge)    0.000     0.000 r  
    E3                                                0.000     0.000 r  i_clk (IN)
                         net (fo=0)                   0.000     0.000    i_clk
    E3                   IBUF (Prop_ibuf_I_O)         0.250     0.250 r  i_clk_IBUF_inst/O
                         net (fo=1, routed)           0.440     0.690    i_clk_IBUF
    MMCME2_ADV_X1Y2      MMCME2_ADV (Prop_mmcme2_adv_CLKIN1_CLKOUT0)
                                                     -2.379    -1.689 r  u_mmcm/CLKOUT0
                         net (fo=1, routed)           0.499    -1.190    clk_sys_mmcm
    BUFGCTRL_X0Y16       BUFG (Prop_bufg_I_O)         0.026    -1.164 r  u_clk_sys_buf/O
                         net (fo=3365, routed)        0.635    -0.529    clk_sys
    SLICE_X64Y48         FDCE                                         r  load_board_data_reg[65]/C
  -------------------------------------------------------------------    -------------------
    SLICE_X64Y48         FDCE (Prop_fdce_C_Q)         0.141    -0.388 r  load_board_data_reg[65]/Q
                         net (fo=2, routed)           0.224    -0.164    u_tetris_game/board_work_reg[199]_0[65]
    SLICE_X62Y51         LUT5 (Prop_lut5_I0_O)        0.045    -0.119 r  u_tetris_game/board_work[65]_i_1/O
                         net (fo=1, routed)           0.000    -0.119    u_tetris_game/board_work[65]_i_1_n_0
    SLICE_X62Y51         FDCE                                         r  u_tetris_game/board_work_reg[65]/D
  -------------------------------------------------------------------    -------------------

                         (clock clk_sys rise edge)    0.000     0.000 r  
    E3                                                0.000     0.000 r  i_clk (IN)
                         net (fo=0)                   0.000     0.000    i_clk
    E3                   IBUF (Prop_ibuf_I_O)         0.438     0.438 r  i_clk_IBUF_inst/O
                         net (fo=1, routed)           0.480     0.918    i_clk_IBUF
    MMCME2_ADV_X1Y2      MMCME2_ADV (Prop_mmcme2_adv_CLKIN1_CLKOUT0)
                                                     -3.163    -2.245 r  u_mmcm/CLKOUT0
                         net (fo=1, routed)           0.544    -1.702    clk_sys_mmcm
    BUFGCTRL_X0Y16       BUFG (Prop_bufg_I_O)         0.029    -1.673 r  u_clk_sys_buf/O
                         net (fo=3365, routed)        0.840    -0.833    u_tetris_game/clk_sys
    SLICE_X62Y51         FDCE                                         r  u_tetris_game/board_work_reg[65]/C
                         clock pessimism              0.504    -0.329    
    SLICE_X62Y51         FDCE (Hold_fdce_C_D)         0.120    -0.209    u_tetris_game/board_work_reg[65]
  -------------------------------------------------------------------
                         required time                          0.209    
                         arrival time                          -0.119    
  -------------------------------------------------------------------
                         slack                                  0.090    

Slack (MET) :             0.093ns  (arrival time - required time)
  Source:                 u_tetris_game/o_board_flat_reg[119]/C
                            (rising edge-triggered cell FDCE clocked by clk_sys  {rise@0.000ns fall@10.000ns period=20.000ns})
  Destination:            save_board_reg[2][119]/D
                            (rising edge-triggered cell FDCE clocked by clk_sys  {rise@0.000ns fall@10.000ns period=20.000ns})
  Path Group:             clk_sys
  Path Type:              Hold (Min at Fast Process Corner)
  Requirement:            0.000ns  (clk_sys rise@0.000ns - clk_sys rise@0.000ns)
  Data Path Delay:        0.421ns  (logic 0.141ns (33.512%)  route 0.280ns (66.488%))
  Logic Levels:           0  
  Clock Path Skew:        0.262ns (DCD - SCD - CPR)
    Destination Clock Delay (DCD):    -0.769ns
    Source Clock Delay      (SCD):    -0.531ns
    Clock Pessimism Removal (CPR):    -0.501ns

    Location             Delay type                Incr(ns)  Path(ns)    Netlist Resource(s)
  -------------------------------------------------------------------    -------------------
                         (clock clk_sys rise edge)    0.000     0.000 r  
    E3                                                0.000     0.000 r  i_clk (IN)
                         net (fo=0)                   0.000     0.000    i_clk
    E3                   IBUF (Prop_ibuf_I_O)         0.250     0.250 r  i_clk_IBUF_inst/O
                         net (fo=1, routed)           0.440     0.690    i_clk_IBUF
    MMCME2_ADV_X1Y2      MMCME2_ADV (Prop_mmcme2_adv_CLKIN1_CLKOUT0)
                                                     -2.379    -1.689 r  u_mmcm/CLKOUT0
                         net (fo=1, routed)           0.499    -1.190    clk_sys_mmcm
    BUFGCTRL_X0Y16       BUFG (Prop_bufg_I_O)         0.026    -1.164 r  u_clk_sys_buf/O
                         net (fo=3365, routed)        0.633    -0.531    u_tetris_game/clk_sys
    SLICE_X49Y48         FDCE                                         r  u_tetris_game/o_board_flat_reg[119]/C
  -------------------------------------------------------------------    -------------------
    SLICE_X49Y48         FDCE (Prop_fdce_C_Q)         0.141    -0.390 r  u_tetris_game/o_board_flat_reg[119]/Q
                         net (fo=5, routed)           0.280    -0.110    board_flat[119]
    SLICE_X52Y45         FDCE                                         r  save_board_reg[2][119]/D
  -------------------------------------------------------------------    -------------------

                         (clock clk_sys rise edge)    0.000     0.000 r  
    E3                                                0.000     0.000 r  i_clk (IN)
                         net (fo=0)                   0.000     0.000    i_clk
    E3                   IBUF (Prop_ibuf_I_O)         0.438     0.438 r  i_clk_IBUF_inst/O
                         net (fo=1, routed)           0.480     0.918    i_clk_IBUF
    MMCME2_ADV_X1Y2      MMCME2_ADV (Prop_mmcme2_adv_CLKIN1_CLKOUT0)
                                                     -3.163    -2.245 r  u_mmcm/CLKOUT0
                         net (fo=1, routed)           0.544    -1.702    clk_sys_mmcm
    BUFGCTRL_X0Y16       BUFG (Prop_bufg_I_O)         0.029    -1.673 r  u_clk_sys_buf/O
                         net (fo=3365, routed)        0.904    -0.769    clk_sys
    SLICE_X52Y45         FDCE                                         r  save_board_reg[2][119]/C
                         clock pessimism              0.501    -0.269    
    SLICE_X52Y45         FDCE (Hold_fdce_C_D)         0.066    -0.203    save_board_reg[2][119]
  -------------------------------------------------------------------
                         required time                          0.203    
                         arrival time                          -0.110    
  -------------------------------------------------------------------
                         slack                                  0.093    





Pulse Width Checks
--------------------------------------------------------------------------------------
Clock Name:         clk_sys
Waveform(ns):       { 0.000 10.000 }
Period(ns):         20.000
Sources:            { u_clk_sys_buf/O }

Check Type        Corner  Lib Pin  Reference Pin  Required(ns)  Actual(ns)  Slack(ns)  Location      Pin
Min Period        n/a     FDCE/C   n/a            1.000         20.000      19.000     SLICE_X48Y82  FSM_sequential_ui_state_reg[0]/C
Min Period        n/a     FDCE/C   n/a            1.000         20.000      19.000     SLICE_X49Y82  FSM_sequential_ui_state_reg[1]/C
Min Period        n/a     FDCE/C   n/a            1.000         20.000      19.000     SLICE_X49Y82  FSM_sequential_ui_state_reg[2]/C
Min Period        n/a     FDCE/C   n/a            1.000         20.000      19.000     SLICE_X61Y82  final_score_bcd_reg[10]/C
Min Period        n/a     FDCE/C   n/a            1.000         20.000      19.000     SLICE_X62Y82  final_score_bcd_reg[11]/C
Min Period        n/a     FDCE/C   n/a            1.000         20.000      19.000     SLICE_X62Y82  final_score_bcd_reg[12]/C
Min Period        n/a     FDCE/C   n/a            1.000         20.000      19.000     SLICE_X60Y82  final_score_bcd_reg[13]/C
Min Period        n/a     FDCE/C   n/a            1.000         20.000      19.000     SLICE_X62Y82  final_score_bcd_reg[14]/C
Min Period        n/a     FDCE/C   n/a            1.000         20.000      19.000     SLICE_X62Y82  final_score_bcd_reg[15]/C
Min Period        n/a     FDCE/C   n/a            1.000         20.000      19.000     SLICE_X62Y82  final_score_bcd_reg[16]/C
Low Pulse Width   Slow    FDCE/C   n/a            0.500         10.000      9.500      SLICE_X48Y82  FSM_sequential_ui_state_reg[0]/C
Low Pulse Width   Fast    FDCE/C   n/a            0.500         10.000      9.500      SLICE_X48Y82  FSM_sequential_ui_state_reg[0]/C
Low Pulse Width   Slow    FDCE/C   n/a            0.500         10.000      9.500      SLICE_X49Y82  FSM_sequential_ui_state_reg[1]/C
Low Pulse Width   Fast    FDCE/C   n/a            0.500         10.000      9.500      SLICE_X49Y82  FSM_sequential_ui_state_reg[1]/C
Low Pulse Width   Slow    FDCE/C   n/a            0.500         10.000      9.500      SLICE_X49Y82  FSM_sequential_ui_state_reg[2]/C
Low Pulse Width   Fast    FDCE/C   n/a            0.500         10.000      9.500      SLICE_X49Y82  FSM_sequential_ui_state_reg[2]/C
Low Pulse Width   Slow    FDCE/C   n/a            0.500         10.000      9.500      SLICE_X61Y82  final_score_bcd_reg[10]/C
Low Pulse Width   Fast    FDCE/C   n/a            0.500         10.000      9.500      SLICE_X61Y82  final_score_bcd_reg[10]/C
Low Pulse Width   Slow    FDCE/C   n/a            0.500         10.000      9.500      SLICE_X62Y82  final_score_bcd_reg[11]/C
Low Pulse Width   Fast    FDCE/C   n/a            0.500         10.000      9.500      SLICE_X62Y82  final_score_bcd_reg[11]/C
High Pulse Width  Slow    FDCE/C   n/a            0.500         10.000      9.500      SLICE_X48Y82  FSM_sequential_ui_state_reg[0]/C
High Pulse Width  Fast    FDCE/C   n/a            0.500         10.000      9.500      SLICE_X48Y82  FSM_sequential_ui_state_reg[0]/C
High Pulse Width  Slow    FDCE/C   n/a            0.500         10.000      9.500      SLICE_X49Y82  FSM_sequential_ui_state_reg[1]/C
High Pulse Width  Fast    FDCE/C   n/a            0.500         10.000      9.500      SLICE_X49Y82  FSM_sequential_ui_state_reg[1]/C
High Pulse Width  Slow    FDCE/C   n/a            0.500         10.000      9.500      SLICE_X49Y82  FSM_sequential_ui_state_reg[2]/C
High Pulse Width  Fast    FDCE/C   n/a            0.500         10.000      9.500      SLICE_X49Y82  FSM_sequential_ui_state_reg[2]/C
High Pulse Width  Slow    FDCE/C   n/a            0.500         10.000      9.500      SLICE_X61Y82  final_score_bcd_reg[10]/C
High Pulse Width  Fast    FDCE/C   n/a            0.500         10.000      9.500      SLICE_X61Y82  final_score_bcd_reg[10]/C
High Pulse Width  Slow    FDCE/C   n/a            0.500         10.000      9.500      SLICE_X62Y82  final_score_bcd_reg[11]/C
High Pulse Width  Fast    FDCE/C   n/a            0.500         10.000      9.500      SLICE_X62Y82  final_score_bcd_reg[11]/C



---------------------------------------------------------------------------------------------------
From Clock:  clk_sys_mmcm
  To Clock:  clk_sys_mmcm

Setup :           NA  Failing Endpoints,  Worst Slack           NA  ,  Total Violation           NA
Hold  :           NA  Failing Endpoints,  Worst Slack           NA  ,  Total Violation           NA
PW    :            0  Failing Endpoints,  Worst Slack       17.845ns,  Total Violation        0.000ns
---------------------------------------------------------------------------------------------------


Pulse Width Checks
--------------------------------------------------------------------------------------
Clock Name:         clk_sys_mmcm
Waveform(ns):       { 0.000 10.000 }
Period(ns):         20.000
Sources:            { u_mmcm/CLKOUT0 }

Check Type  Corner  Lib Pin             Reference Pin  Required(ns)  Actual(ns)  Slack(ns)  Location         Pin
Min Period  n/a     BUFG/I              n/a            2.155         20.000      17.845     BUFGCTRL_X0Y16   u_clk_sys_buf/I
Min Period  n/a     MMCME2_ADV/CLKOUT0  n/a            1.249         20.000      18.751     MMCME2_ADV_X1Y2  u_mmcm/CLKOUT0
Max Period  n/a     MMCME2_ADV/CLKOUT0  n/a            213.360       20.000      193.360    MMCME2_ADV_X1Y2  u_mmcm/CLKOUT0



---------------------------------------------------------------------------------------------------
From Clock:  clkfb_mmcm
  To Clock:  clkfb_mmcm

Setup :           NA  Failing Endpoints,  Worst Slack           NA  ,  Total Violation           NA
Hold  :           NA  Failing Endpoints,  Worst Slack           NA  ,  Total Violation           NA
PW    :            0  Failing Endpoints,  Worst Slack        7.845ns,  Total Violation        0.000ns
---------------------------------------------------------------------------------------------------


Pulse Width Checks
--------------------------------------------------------------------------------------
Clock Name:         clkfb_mmcm
Waveform(ns):       { 0.000 5.000 }
Period(ns):         10.000
Sources:            { u_mmcm/CLKFBOUT }

Check Type  Corner  Lib Pin              Reference Pin  Required(ns)  Actual(ns)  Slack(ns)  Location         Pin
Min Period  n/a     BUFG/I               n/a            2.155         10.000      7.845      BUFGCTRL_X0Y17   u_clk_fb_buf/I
Min Period  n/a     MMCME2_ADV/CLKFBOUT  n/a            1.249         10.000      8.751      MMCME2_ADV_X1Y2  u_mmcm/CLKFBOUT
Min Period  n/a     MMCME2_ADV/CLKFBIN   n/a            1.249         10.000      8.751      MMCME2_ADV_X1Y2  u_mmcm/CLKFBIN
Max Period  n/a     MMCME2_ADV/CLKFBIN   n/a            100.000       10.000      90.000     MMCME2_ADV_X1Y2  u_mmcm/CLKFBIN
Max Period  n/a     MMCME2_ADV/CLKFBOUT  n/a            213.360       10.000      203.360    MMCME2_ADV_X1Y2  u_mmcm/CLKFBOUT



---------------------------------------------------------------------------------------------------
Path Group:  **async_default**
From Clock:  clk_sys
  To Clock:  clk_sys

Setup :            0  Failing Endpoints,  Worst Slack        7.378ns,  Total Violation        0.000ns
Hold  :            0  Failing Endpoints,  Worst Slack        0.691ns,  Total Violation        0.000ns
---------------------------------------------------------------------------------------------------


Max Delay Paths
--------------------------------------------------------------------------------------
Slack (MET) :             7.378ns  (required time - arrival time)
  Source:                 game_reset_ff_reg/C
                            (rising edge-triggered cell FDPE clocked by clk_sys  {rise@0.000ns fall@10.000ns period=20.000ns})
  Destination:            u_tetris_game/board_work_reg[187]/CLR
                            (recovery check against rising-edge clock clk_sys  {rise@0.000ns fall@10.000ns period=20.000ns})
  Path Group:             **async_default**
  Path Type:              Recovery (Max at Slow Process Corner)
  Requirement:            20.000ns  (clk_sys rise@20.000ns - clk_sys rise@0.000ns)
  Data Path Delay:        12.101ns  (logic 0.580ns (4.793%)  route 11.521ns (95.207%))
  Logic Levels:           1  (LUT2=1)
  Clock Path Skew:        -0.028ns (DCD - SCD + CPR)
    Destination Clock Delay (DCD):    -1.501ns = ( 18.499 - 20.000 ) 
    Source Clock Delay      (SCD):    -0.914ns
    Clock Pessimism Removal (CPR):    0.559ns
  Clock Uncertainty:      0.089ns  ((TSJ^2 + DJ^2)^1/2) / 2 + PE
    Total System Jitter     (TSJ):    0.071ns
    Discrete Jitter          (DJ):    0.163ns
    Phase Error              (PE):    0.000ns

    Location             Delay type                Incr(ns)  Path(ns)    Netlist Resource(s)
  -------------------------------------------------------------------    -------------------
                         (clock clk_sys rise edge)    0.000     0.000 r  
    E3                                                0.000     0.000 r  i_clk (IN)
                         net (fo=0)                   0.000     0.000    i_clk
    E3                   IBUF (Prop_ibuf_I_O)         1.482     1.482 r  i_clk_IBUF_inst/O
                         net (fo=1, routed)           1.233     2.715    i_clk_IBUF
    MMCME2_ADV_X1Y2      MMCME2_ADV (Prop_mmcme2_adv_CLKIN1_CLKOUT0)
                                                     -7.070    -4.355 r  u_mmcm/CLKOUT0
                         net (fo=1, routed)           1.719    -2.636    clk_sys_mmcm
    BUFGCTRL_X0Y16       BUFG (Prop_bufg_I_O)         0.096    -2.540 r  u_clk_sys_buf/O
                         net (fo=3365, routed)        1.626    -0.914    clk_sys
    SLICE_X48Y83         FDPE                                         r  game_reset_ff_reg/C
  -------------------------------------------------------------------    -------------------
    SLICE_X48Y83         FDPE (Prop_fdpe_C_Q)         0.456    -0.458 f  game_reset_ff_reg/Q
                         net (fo=1, routed)           0.565     0.107    u_tetris_game/phase_reg[2]_rep_0
    SLICE_X43Y82         LUT2 (Prop_lut2_I0_O)        0.124     0.231 f  u_tetris_game/o_next_shape[2]_i_2/O
                         net (fo=882, routed)        10.956    11.187    u_tetris_game/i_rst0
    SLICE_X36Y54         FDCE                                         f  u_tetris_game/board_work_reg[187]/CLR
  -------------------------------------------------------------------    -------------------

                         (clock clk_sys rise edge)   20.000    20.000 r  
    E3                                                0.000    20.000 r  i_clk (IN)
                         net (fo=0)                   0.000    20.000    i_clk
    E3                   IBUF (Prop_ibuf_I_O)         1.411    21.411 r  i_clk_IBUF_inst/O
                         net (fo=1, routed)           1.162    22.573    i_clk_IBUF
    MMCME2_ADV_X1Y2      MMCME2_ADV (Prop_mmcme2_adv_CLKIN1_CLKOUT0)
                                                     -7.324    15.249 r  u_mmcm/CLKOUT0
                         net (fo=1, routed)           1.639    16.888    clk_sys_mmcm
    BUFGCTRL_X0Y16       BUFG (Prop_bufg_I_O)         0.091    16.979 r  u_clk_sys_buf/O
                         net (fo=3365, routed)        1.519    18.499    u_tetris_game/clk_sys
    SLICE_X36Y54         FDCE                                         r  u_tetris_game/board_work_reg[187]/C
                         clock pessimism              0.559    19.058    
                         clock uncertainty           -0.089    18.970    
    SLICE_X36Y54         FDCE (Recov_fdce_C_CLR)     -0.405    18.565    u_tetris_game/board_work_reg[187]
  -------------------------------------------------------------------
                         required time                         18.565    
                         arrival time                         -11.187    
  -------------------------------------------------------------------
                         slack                                  7.378    

Slack (MET) :             7.382ns  (required time - arrival time)
  Source:                 game_reset_ff_reg/C
                            (rising edge-triggered cell FDPE clocked by clk_sys  {rise@0.000ns fall@10.000ns period=20.000ns})
  Destination:            u_tetris_game/board_pipe_reg[183]/CLR
                            (recovery check against rising-edge clock clk_sys  {rise@0.000ns fall@10.000ns period=20.000ns})
  Path Group:             **async_default**
  Path Type:              Recovery (Max at Slow Process Corner)
  Requirement:            20.000ns  (clk_sys rise@20.000ns - clk_sys rise@0.000ns)
  Data Path Delay:        12.096ns  (logic 0.580ns (4.795%)  route 11.516ns (95.205%))
  Logic Levels:           1  (LUT2=1)
  Clock Path Skew:        -0.028ns (DCD - SCD + CPR)
    Destination Clock Delay (DCD):    -1.501ns = ( 18.499 - 20.000 ) 
    Source Clock Delay      (SCD):    -0.914ns
    Clock Pessimism Removal (CPR):    0.559ns
  Clock Uncertainty:      0.089ns  ((TSJ^2 + DJ^2)^1/2) / 2 + PE
    Total System Jitter     (TSJ):    0.071ns
    Discrete Jitter          (DJ):    0.163ns
    Phase Error              (PE):    0.000ns

    Location             Delay type                Incr(ns)  Path(ns)    Netlist Resource(s)
  -------------------------------------------------------------------    -------------------
                         (clock clk_sys rise edge)    0.000     0.000 r  
    E3                                                0.000     0.000 r  i_clk (IN)
                         net (fo=0)                   0.000     0.000    i_clk
    E3                   IBUF (Prop_ibuf_I_O)         1.482     1.482 r  i_clk_IBUF_inst/O
                         net (fo=1, routed)           1.233     2.715    i_clk_IBUF
    MMCME2_ADV_X1Y2      MMCME2_ADV (Prop_mmcme2_adv_CLKIN1_CLKOUT0)
                                                     -7.070    -4.355 r  u_mmcm/CLKOUT0
                         net (fo=1, routed)           1.719    -2.636    clk_sys_mmcm
    BUFGCTRL_X0Y16       BUFG (Prop_bufg_I_O)         0.096    -2.540 r  u_clk_sys_buf/O
                         net (fo=3365, routed)        1.626    -0.914    clk_sys
    SLICE_X48Y83         FDPE                                         r  game_reset_ff_reg/C
  -------------------------------------------------------------------    -------------------
    SLICE_X48Y83         FDPE (Prop_fdpe_C_Q)         0.456    -0.458 f  game_reset_ff_reg/Q
                         net (fo=1, routed)           0.565     0.107    u_tetris_game/phase_reg[2]_rep_0
    SLICE_X43Y82         LUT2 (Prop_lut2_I0_O)        0.124     0.231 f  u_tetris_game/o_next_shape[2]_i_2/O
                         net (fo=882, routed)        10.951    11.183    u_tetris_game/i_rst0
    SLICE_X37Y54         FDCE                                         f  u_tetris_game/board_pipe_reg[183]/CLR
  -------------------------------------------------------------------    -------------------

                         (clock clk_sys rise edge)   20.000    20.000 r  
    E3                                                0.000    20.000 r  i_clk (IN)
                         net (fo=0)                   0.000    20.000    i_clk
    E3                   IBUF (Prop_ibuf_I_O)         1.411    21.411 r  i_clk_IBUF_inst/O
                         net (fo=1, routed)           1.162    22.573    i_clk_IBUF
    MMCME2_ADV_X1Y2      MMCME2_ADV (Prop_mmcme2_adv_CLKIN1_CLKOUT0)
                                                     -7.324    15.249 r  u_mmcm/CLKOUT0
                         net (fo=1, routed)           1.639    16.888    clk_sys_mmcm
    BUFGCTRL_X0Y16       BUFG (Prop_bufg_I_O)         0.091    16.979 r  u_clk_sys_buf/O
                         net (fo=3365, routed)        1.519    18.499    u_tetris_game/clk_sys
    SLICE_X37Y54         FDCE                                         r  u_tetris_game/board_pipe_reg[183]/C
                         clock pessimism              0.559    19.058    
                         clock uncertainty           -0.089    18.970    
    SLICE_X37Y54         FDCE (Recov_fdce_C_CLR)     -0.405    18.565    u_tetris_game/board_pipe_reg[183]
  -------------------------------------------------------------------
                         required time                         18.565    
                         arrival time                         -11.183    
  -------------------------------------------------------------------
                         slack                                  7.382    

Slack (MET) :             7.382ns  (required time - arrival time)
  Source:                 game_reset_ff_reg/C
                            (rising edge-triggered cell FDPE clocked by clk_sys  {rise@0.000ns fall@10.000ns period=20.000ns})
  Destination:            u_tetris_game/board_pipe_reg[187]/CLR
                            (recovery check against rising-edge clock clk_sys  {rise@0.000ns fall@10.000ns period=20.000ns})
  Path Group:             **async_default**
  Path Type:              Recovery (Max at Slow Process Corner)
  Requirement:            20.000ns  (clk_sys rise@20.000ns - clk_sys rise@0.000ns)
  Data Path Delay:        12.096ns  (logic 0.580ns (4.795%)  route 11.516ns (95.205%))
  Logic Levels:           1  (LUT2=1)
  Clock Path Skew:        -0.028ns (DCD - SCD + CPR)
    Destination Clock Delay (DCD):    -1.501ns = ( 18.499 - 20.000 ) 
    Source Clock Delay      (SCD):    -0.914ns
    Clock Pessimism Removal (CPR):    0.559ns
  Clock Uncertainty:      0.089ns  ((TSJ^2 + DJ^2)^1/2) / 2 + PE
    Total System Jitter     (TSJ):    0.071ns
    Discrete Jitter          (DJ):    0.163ns
    Phase Error              (PE):    0.000ns

    Location             Delay type                Incr(ns)  Path(ns)    Netlist Resource(s)
  -------------------------------------------------------------------    -------------------
                         (clock clk_sys rise edge)    0.000     0.000 r  
    E3                                                0.000     0.000 r  i_clk (IN)
                         net (fo=0)                   0.000     0.000    i_clk
    E3                   IBUF (Prop_ibuf_I_O)         1.482     1.482 r  i_clk_IBUF_inst/O
                         net (fo=1, routed)           1.233     2.715    i_clk_IBUF
    MMCME2_ADV_X1Y2      MMCME2_ADV (Prop_mmcme2_adv_CLKIN1_CLKOUT0)
                                                     -7.070    -4.355 r  u_mmcm/CLKOUT0
                         net (fo=1, routed)           1.719    -2.636    clk_sys_mmcm
    BUFGCTRL_X0Y16       BUFG (Prop_bufg_I_O)         0.096    -2.540 r  u_clk_sys_buf/O
                         net (fo=3365, routed)        1.626    -0.914    clk_sys
    SLICE_X48Y83         FDPE                                         r  game_reset_ff_reg/C
  -------------------------------------------------------------------    -------------------
    SLICE_X48Y83         FDPE (Prop_fdpe_C_Q)         0.456    -0.458 f  game_reset_ff_reg/Q
                         net (fo=1, routed)           0.565     0.107    u_tetris_game/phase_reg[2]_rep_0
    SLICE_X43Y82         LUT2 (Prop_lut2_I0_O)        0.124     0.231 f  u_tetris_game/o_next_shape[2]_i_2/O
                         net (fo=882, routed)        10.951    11.183    u_tetris_game/i_rst0
    SLICE_X37Y54         FDCE                                         f  u_tetris_game/board_pipe_reg[187]/CLR
  -------------------------------------------------------------------    -------------------

                         (clock clk_sys rise edge)   20.000    20.000 r  
    E3                                                0.000    20.000 r  i_clk (IN)
                         net (fo=0)                   0.000    20.000    i_clk
    E3                   IBUF (Prop_ibuf_I_O)         1.411    21.411 r  i_clk_IBUF_inst/O
                         net (fo=1, routed)           1.162    22.573    i_clk_IBUF
    MMCME2_ADV_X1Y2      MMCME2_ADV (Prop_mmcme2_adv_CLKIN1_CLKOUT0)
                                                     -7.324    15.249 r  u_mmcm/CLKOUT0
                         net (fo=1, routed)           1.639    16.888    clk_sys_mmcm
    BUFGCTRL_X0Y16       BUFG (Prop_bufg_I_O)         0.091    16.979 r  u_clk_sys_buf/O
                         net (fo=3365, routed)        1.519    18.499    u_tetris_game/clk_sys
    SLICE_X37Y54         FDCE                                         r  u_tetris_game/board_pipe_reg[187]/C
                         clock pessimism              0.559    19.058    
                         clock uncertainty           -0.089    18.970    
    SLICE_X37Y54         FDCE (Recov_fdce_C_CLR)     -0.405    18.565    u_tetris_game/board_pipe_reg[187]
  -------------------------------------------------------------------
                         required time                         18.565    
                         arrival time                         -11.183    
  -------------------------------------------------------------------
                         slack                                  7.382    

Slack (MET) :             7.382ns  (required time - arrival time)
  Source:                 game_reset_ff_reg/C
                            (rising edge-triggered cell FDPE clocked by clk_sys  {rise@0.000ns fall@10.000ns period=20.000ns})
  Destination:            u_tetris_game/board_pipe_reg[189]/CLR
                            (recovery check against rising-edge clock clk_sys  {rise@0.000ns fall@10.000ns period=20.000ns})
  Path Group:             **async_default**
  Path Type:              Recovery (Max at Slow Process Corner)
  Requirement:            20.000ns  (clk_sys rise@20.000ns - clk_sys rise@0.000ns)
  Data Path Delay:        12.096ns  (logic 0.580ns (4.795%)  route 11.516ns (95.205%))
  Logic Levels:           1  (LUT2=1)
  Clock Path Skew:        -0.028ns (DCD - SCD + CPR)
    Destination Clock Delay (DCD):    -1.501ns = ( 18.499 - 20.000 ) 
    Source Clock Delay      (SCD):    -0.914ns
    Clock Pessimism Removal (CPR):    0.559ns
  Clock Uncertainty:      0.089ns  ((TSJ^2 + DJ^2)^1/2) / 2 + PE
    Total System Jitter     (TSJ):    0.071ns
    Discrete Jitter          (DJ):    0.163ns
    Phase Error              (PE):    0.000ns

    Location             Delay type                Incr(ns)  Path(ns)    Netlist Resource(s)
  -------------------------------------------------------------------    -------------------
                         (clock clk_sys rise edge)    0.000     0.000 r  
    E3                                                0.000     0.000 r  i_clk (IN)
                         net (fo=0)                   0.000     0.000    i_clk
    E3                   IBUF (Prop_ibuf_I_O)         1.482     1.482 r  i_clk_IBUF_inst/O
                         net (fo=1, routed)           1.233     2.715    i_clk_IBUF
    MMCME2_ADV_X1Y2      MMCME2_ADV (Prop_mmcme2_adv_CLKIN1_CLKOUT0)
                                                     -7.070    -4.355 r  u_mmcm/CLKOUT0
                         net (fo=1, routed)           1.719    -2.636    clk_sys_mmcm
    BUFGCTRL_X0Y16       BUFG (Prop_bufg_I_O)         0.096    -2.540 r  u_clk_sys_buf/O
                         net (fo=3365, routed)        1.626    -0.914    clk_sys
    SLICE_X48Y83         FDPE                                         r  game_reset_ff_reg/C
  -------------------------------------------------------------------    -------------------
    SLICE_X48Y83         FDPE (Prop_fdpe_C_Q)         0.456    -0.458 f  game_reset_ff_reg/Q
                         net (fo=1, routed)           0.565     0.107    u_tetris_game/phase_reg[2]_rep_0
    SLICE_X43Y82         LUT2 (Prop_lut2_I0_O)        0.124     0.231 f  u_tetris_game/o_next_shape[2]_i_2/O
                         net (fo=882, routed)        10.951    11.183    u_tetris_game/i_rst0
    SLICE_X37Y54         FDCE                                         f  u_tetris_game/board_pipe_reg[189]/CLR
  -------------------------------------------------------------------    -------------------

                         (clock clk_sys rise edge)   20.000    20.000 r  
    E3                                                0.000    20.000 r  i_clk (IN)
                         net (fo=0)                   0.000    20.000    i_clk
    E3                   IBUF (Prop_ibuf_I_O)         1.411    21.411 r  i_clk_IBUF_inst/O
                         net (fo=1, routed)           1.162    22.573    i_clk_IBUF
    MMCME2_ADV_X1Y2      MMCME2_ADV (Prop_mmcme2_adv_CLKIN1_CLKOUT0)
                                                     -7.324    15.249 r  u_mmcm/CLKOUT0
                         net (fo=1, routed)           1.639    16.888    clk_sys_mmcm
    BUFGCTRL_X0Y16       BUFG (Prop_bufg_I_O)         0.091    16.979 r  u_clk_sys_buf/O
                         net (fo=3365, routed)        1.519    18.499    u_tetris_game/clk_sys
    SLICE_X37Y54         FDCE                                         r  u_tetris_game/board_pipe_reg[189]/C
                         clock pessimism              0.559    19.058    
                         clock uncertainty           -0.089    18.970    
    SLICE_X37Y54         FDCE (Recov_fdce_C_CLR)     -0.405    18.565    u_tetris_game/board_pipe_reg[189]
  -------------------------------------------------------------------
                         required time                         18.565    
                         arrival time                         -11.183    
  -------------------------------------------------------------------
                         slack                                  7.382    

Slack (MET) :             7.382ns  (required time - arrival time)
  Source:                 game_reset_ff_reg/C
                            (rising edge-triggered cell FDPE clocked by clk_sys  {rise@0.000ns fall@10.000ns period=20.000ns})
  Destination:            u_tetris_game/board_pipe_reg[190]/CLR
                            (recovery check against rising-edge clock clk_sys  {rise@0.000ns fall@10.000ns period=20.000ns})
  Path Group:             **async_default**
  Path Type:              Recovery (Max at Slow Process Corner)
  Requirement:            20.000ns  (clk_sys rise@20.000ns - clk_sys rise@0.000ns)
  Data Path Delay:        12.096ns  (logic 0.580ns (4.795%)  route 11.516ns (95.205%))
  Logic Levels:           1  (LUT2=1)
  Clock Path Skew:        -0.028ns (DCD - SCD + CPR)
    Destination Clock Delay (DCD):    -1.501ns = ( 18.499 - 20.000 ) 
    Source Clock Delay      (SCD):    -0.914ns
    Clock Pessimism Removal (CPR):    0.559ns
  Clock Uncertainty:      0.089ns  ((TSJ^2 + DJ^2)^1/2) / 2 + PE
    Total System Jitter     (TSJ):    0.071ns
    Discrete Jitter          (DJ):    0.163ns
    Phase Error              (PE):    0.000ns

    Location             Delay type                Incr(ns)  Path(ns)    Netlist Resource(s)
  -------------------------------------------------------------------    -------------------
                         (clock clk_sys rise edge)    0.000     0.000 r  
    E3                                                0.000     0.000 r  i_clk (IN)
                         net (fo=0)                   0.000     0.000    i_clk
    E3                   IBUF (Prop_ibuf_I_O)         1.482     1.482 r  i_clk_IBUF_inst/O
                         net (fo=1, routed)           1.233     2.715    i_clk_IBUF
    MMCME2_ADV_X1Y2      MMCME2_ADV (Prop_mmcme2_adv_CLKIN1_CLKOUT0)
                                                     -7.070    -4.355 r  u_mmcm/CLKOUT0
                         net (fo=1, routed)           1.719    -2.636    clk_sys_mmcm
    BUFGCTRL_X0Y16       BUFG (Prop_bufg_I_O)         0.096    -2.540 r  u_clk_sys_buf/O
                         net (fo=3365, routed)        1.626    -0.914    clk_sys
    SLICE_X48Y83         FDPE                                         r  game_reset_ff_reg/C
  -------------------------------------------------------------------    -------------------
    SLICE_X48Y83         FDPE (Prop_fdpe_C_Q)         0.456    -0.458 f  game_reset_ff_reg/Q
                         net (fo=1, routed)           0.565     0.107    u_tetris_game/phase_reg[2]_rep_0
    SLICE_X43Y82         LUT2 (Prop_lut2_I0_O)        0.124     0.231 f  u_tetris_game/o_next_shape[2]_i_2/O
                         net (fo=882, routed)        10.951    11.183    u_tetris_game/i_rst0
    SLICE_X37Y54         FDCE                                         f  u_tetris_game/board_pipe_reg[190]/CLR
  -------------------------------------------------------------------    -------------------

                         (clock clk_sys rise edge)   20.000    20.000 r  
    E3                                                0.000    20.000 r  i_clk (IN)
                         net (fo=0)                   0.000    20.000    i_clk
    E3                   IBUF (Prop_ibuf_I_O)         1.411    21.411 r  i_clk_IBUF_inst/O
                         net (fo=1, routed)           1.162    22.573    i_clk_IBUF
    MMCME2_ADV_X1Y2      MMCME2_ADV (Prop_mmcme2_adv_CLKIN1_CLKOUT0)
                                                     -7.324    15.249 r  u_mmcm/CLKOUT0
                         net (fo=1, routed)           1.639    16.888    clk_sys_mmcm
    BUFGCTRL_X0Y16       BUFG (Prop_bufg_I_O)         0.091    16.979 r  u_clk_sys_buf/O
                         net (fo=3365, routed)        1.519    18.499    u_tetris_game/clk_sys
    SLICE_X37Y54         FDCE                                         r  u_tetris_game/board_pipe_reg[190]/C
                         clock pessimism              0.559    19.058    
                         clock uncertainty           -0.089    18.970    
    SLICE_X37Y54         FDCE (Recov_fdce_C_CLR)     -0.405    18.565    u_tetris_game/board_pipe_reg[190]
  -------------------------------------------------------------------
                         required time                         18.565    
                         arrival time                         -11.183    
  -------------------------------------------------------------------
                         slack                                  7.382    

Slack (MET) :             7.402ns  (required time - arrival time)
  Source:                 game_reset_ff_reg/C
                            (rising edge-triggered cell FDPE clocked by clk_sys  {rise@0.000ns fall@10.000ns period=20.000ns})
  Destination:            u_tetris_game/board_work_reg[163]/CLR
                            (recovery check against rising-edge clock clk_sys  {rise@0.000ns fall@10.000ns period=20.000ns})
  Path Group:             **async_default**
  Path Type:              Recovery (Max at Slow Process Corner)
  Requirement:            20.000ns  (clk_sys rise@20.000ns - clk_sys rise@0.000ns)
  Data Path Delay:        12.077ns  (logic 0.580ns (4.803%)  route 11.497ns (95.197%))
  Logic Levels:           1  (LUT2=1)
  Clock Path Skew:        -0.027ns (DCD - SCD + CPR)
    Destination Clock Delay (DCD):    -1.500ns = ( 18.500 - 20.000 ) 
    Source Clock Delay      (SCD):    -0.914ns
    Clock Pessimism Removal (CPR):    0.559ns
  Clock Uncertainty:      0.089ns  ((TSJ^2 + DJ^2)^1/2) / 2 + PE
    Total System Jitter     (TSJ):    0.071ns
    Discrete Jitter          (DJ):    0.163ns
    Phase Error              (PE):    0.000ns

    Location             Delay type                Incr(ns)  Path(ns)    Netlist Resource(s)
  -------------------------------------------------------------------    -------------------
                         (clock clk_sys rise edge)    0.000     0.000 r  
    E3                                                0.000     0.000 r  i_clk (IN)
                         net (fo=0)                   0.000     0.000    i_clk
    E3                   IBUF (Prop_ibuf_I_O)         1.482     1.482 r  i_clk_IBUF_inst/O
                         net (fo=1, routed)           1.233     2.715    i_clk_IBUF
    MMCME2_ADV_X1Y2      MMCME2_ADV (Prop_mmcme2_adv_CLKIN1_CLKOUT0)
                                                     -7.070    -4.355 r  u_mmcm/CLKOUT0
                         net (fo=1, routed)           1.719    -2.636    clk_sys_mmcm
    BUFGCTRL_X0Y16       BUFG (Prop_bufg_I_O)         0.096    -2.540 r  u_clk_sys_buf/O
                         net (fo=3365, routed)        1.626    -0.914    clk_sys
    SLICE_X48Y83         FDPE                                         r  game_reset_ff_reg/C
  -------------------------------------------------------------------    -------------------
    SLICE_X48Y83         FDPE (Prop_fdpe_C_Q)         0.456    -0.458 f  game_reset_ff_reg/Q
                         net (fo=1, routed)           0.565     0.107    u_tetris_game/phase_reg[2]_rep_0
    SLICE_X43Y82         LUT2 (Prop_lut2_I0_O)        0.124     0.231 f  u_tetris_game/o_next_shape[2]_i_2/O
                         net (fo=882, routed)        10.932    11.163    u_tetris_game/i_rst0
    SLICE_X33Y53         FDCE                                         f  u_tetris_game/board_work_reg[163]/CLR
  -------------------------------------------------------------------    -------------------

                         (clock clk_sys rise edge)   20.000    20.000 r  
    E3                                                0.000    20.000 r  i_clk (IN)
                         net (fo=0)                   0.000    20.000    i_clk
    E3                   IBUF (Prop_ibuf_I_O)         1.411    21.411 r  i_clk_IBUF_inst/O
                         net (fo=1, routed)           1.162    22.573    i_clk_IBUF
    MMCME2_ADV_X1Y2      MMCME2_ADV (Prop_mmcme2_adv_CLKIN1_CLKOUT0)
                                                     -7.324    15.249 r  u_mmcm/CLKOUT0
                         net (fo=1, routed)           1.639    16.888    clk_sys_mmcm
    BUFGCTRL_X0Y16       BUFG (Prop_bufg_I_O)         0.091    16.979 r  u_clk_sys_buf/O
                         net (fo=3365, routed)        1.520    18.500    u_tetris_game/clk_sys
    SLICE_X33Y53         FDCE                                         r  u_tetris_game/board_work_reg[163]/C
                         clock pessimism              0.559    19.059    
                         clock uncertainty           -0.089    18.971    
    SLICE_X33Y53         FDCE (Recov_fdce_C_CLR)     -0.405    18.566    u_tetris_game/board_work_reg[163]
  -------------------------------------------------------------------
                         required time                         18.566    
                         arrival time                         -11.163    
  -------------------------------------------------------------------
                         slack                                  7.402    

Slack (MET) :             7.675ns  (required time - arrival time)
  Source:                 game_reset_ff_reg/C
                            (rising edge-triggered cell FDPE clocked by clk_sys  {rise@0.000ns fall@10.000ns period=20.000ns})
  Destination:            u_tetris_game/board_work_reg[166]/CLR
                            (recovery check against rising-edge clock clk_sys  {rise@0.000ns fall@10.000ns period=20.000ns})
  Path Group:             **async_default**
  Path Type:              Recovery (Max at Slow Process Corner)
  Requirement:            20.000ns  (clk_sys rise@20.000ns - clk_sys rise@0.000ns)
  Data Path Delay:        11.803ns  (logic 0.580ns (4.914%)  route 11.223ns (95.086%))
  Logic Levels:           1  (LUT2=1)
  Clock Path Skew:        -0.028ns (DCD - SCD + CPR)
    Destination Clock Delay (DCD):    -1.501ns = ( 18.499 - 20.000 ) 
    Source Clock Delay      (SCD):    -0.914ns
    Clock Pessimism Removal (CPR):    0.559ns
  Clock Uncertainty:      0.089ns  ((TSJ^2 + DJ^2)^1/2) / 2 + PE
    Total System Jitter     (TSJ):    0.071ns
    Discrete Jitter          (DJ):    0.163ns
    Phase Error              (PE):    0.000ns

    Location             Delay type                Incr(ns)  Path(ns)    Netlist Resource(s)
  -------------------------------------------------------------------    -------------------
                         (clock clk_sys rise edge)    0.000     0.000 r  
    E3                                                0.000     0.000 r  i_clk (IN)
                         net (fo=0)                   0.000     0.000    i_clk
    E3                   IBUF (Prop_ibuf_I_O)         1.482     1.482 r  i_clk_IBUF_inst/O
                         net (fo=1, routed)           1.233     2.715    i_clk_IBUF
    MMCME2_ADV_X1Y2      MMCME2_ADV (Prop_mmcme2_adv_CLKIN1_CLKOUT0)
                                                     -7.070    -4.355 r  u_mmcm/CLKOUT0
                         net (fo=1, routed)           1.719    -2.636    clk_sys_mmcm
    BUFGCTRL_X0Y16       BUFG (Prop_bufg_I_O)         0.096    -2.540 r  u_clk_sys_buf/O
                         net (fo=3365, routed)        1.626    -0.914    clk_sys
    SLICE_X48Y83         FDPE                                         r  game_reset_ff_reg/C
  -------------------------------------------------------------------    -------------------
    SLICE_X48Y83         FDPE (Prop_fdpe_C_Q)         0.456    -0.458 f  game_reset_ff_reg/Q
                         net (fo=1, routed)           0.565     0.107    u_tetris_game/phase_reg[2]_rep_0
    SLICE_X43Y82         LUT2 (Prop_lut2_I0_O)        0.124     0.231 f  u_tetris_game/o_next_shape[2]_i_2/O
                         net (fo=882, routed)        10.658    10.889    u_tetris_game/i_rst0
    SLICE_X36Y53         FDCE                                         f  u_tetris_game/board_work_reg[166]/CLR
  -------------------------------------------------------------------    -------------------

                         (clock clk_sys rise edge)   20.000    20.000 r  
    E3                                                0.000    20.000 r  i_clk (IN)
                         net (fo=0)                   0.000    20.000    i_clk
    E3                   IBUF (Prop_ibuf_I_O)         1.411    21.411 r  i_clk_IBUF_inst/O
                         net (fo=1, routed)           1.162    22.573    i_clk_IBUF
    MMCME2_ADV_X1Y2      MMCME2_ADV (Prop_mmcme2_adv_CLKIN1_CLKOUT0)
                                                     -7.324    15.249 r  u_mmcm/CLKOUT0
                         net (fo=1, routed)           1.639    16.888    clk_sys_mmcm
    BUFGCTRL_X0Y16       BUFG (Prop_bufg_I_O)         0.091    16.979 r  u_clk_sys_buf/O
                         net (fo=3365, routed)        1.519    18.499    u_tetris_game/clk_sys
    SLICE_X36Y53         FDCE                                         r  u_tetris_game/board_work_reg[166]/C
                         clock pessimism              0.559    19.058    
                         clock uncertainty           -0.089    18.970    
    SLICE_X36Y53         FDCE (Recov_fdce_C_CLR)     -0.405    18.565    u_tetris_game/board_work_reg[166]
  -------------------------------------------------------------------
                         required time                         18.565    
                         arrival time                         -10.889    
  -------------------------------------------------------------------
                         slack                                  7.675    

Slack (MET) :             7.680ns  (required time - arrival time)
  Source:                 game_reset_ff_reg/C
                            (rising edge-triggered cell FDPE clocked by clk_sys  {rise@0.000ns fall@10.000ns period=20.000ns})
  Destination:            u_tetris_game/board_pipe_reg[151]/CLR
                            (recovery check against rising-edge clock clk_sys  {rise@0.000ns fall@10.000ns period=20.000ns})
  Path Group:             **async_default**
  Path Type:              Recovery (Max at Slow Process Corner)
  Requirement:            20.000ns  (clk_sys rise@20.000ns - clk_sys rise@0.000ns)
  Data Path Delay:        11.798ns  (logic 0.580ns (4.916%)  route 11.218ns (95.084%))
  Logic Levels:           1  (LUT2=1)
  Clock Path Skew:        -0.028ns (DCD - SCD + CPR)
    Destination Clock Delay (DCD):    -1.501ns = ( 18.499 - 20.000 ) 
    Source Clock Delay      (SCD):    -0.914ns
    Clock Pessimism Removal (CPR):    0.559ns
  Clock Uncertainty:      0.089ns  ((TSJ^2 + DJ^2)^1/2) / 2 + PE
    Total System Jitter     (TSJ):    0.071ns
    Discrete Jitter          (DJ):    0.163ns
    Phase Error              (PE):    0.000ns

    Location             Delay type                Incr(ns)  Path(ns)    Netlist Resource(s)
  -------------------------------------------------------------------    -------------------
                         (clock clk_sys rise edge)    0.000     0.000 r  
    E3                                                0.000     0.000 r  i_clk (IN)
                         net (fo=0)                   0.000     0.000    i_clk
    E3                   IBUF (Prop_ibuf_I_O)         1.482     1.482 r  i_clk_IBUF_inst/O
                         net (fo=1, routed)           1.233     2.715    i_clk_IBUF
    MMCME2_ADV_X1Y2      MMCME2_ADV (Prop_mmcme2_adv_CLKIN1_CLKOUT0)
                                                     -7.070    -4.355 r  u_mmcm/CLKOUT0
                         net (fo=1, routed)           1.719    -2.636    clk_sys_mmcm
    BUFGCTRL_X0Y16       BUFG (Prop_bufg_I_O)         0.096    -2.540 r  u_clk_sys_buf/O
                         net (fo=3365, routed)        1.626    -0.914    clk_sys
    SLICE_X48Y83         FDPE                                         r  game_reset_ff_reg/C
  -------------------------------------------------------------------    -------------------
    SLICE_X48Y83         FDPE (Prop_fdpe_C_Q)         0.456    -0.458 f  game_reset_ff_reg/Q
                         net (fo=1, routed)           0.565     0.107    u_tetris_game/phase_reg[2]_rep_0
    SLICE_X43Y82         LUT2 (Prop_lut2_I0_O)        0.124     0.231 f  u_tetris_game/o_next_shape[2]_i_2/O
                         net (fo=882, routed)        10.653    10.885    u_tetris_game/i_rst0
    SLICE_X37Y53         FDCE                                         f  u_tetris_game/board_pipe_reg[151]/CLR
  -------------------------------------------------------------------    -------------------

                         (clock clk_sys rise edge)   20.000    20.000 r  
    E3                                                0.000    20.000 r  i_clk (IN)
                         net (fo=0)                   0.000    20.000    i_clk
    E3                   IBUF (Prop_ibuf_I_O)         1.411    21.411 r  i_clk_IBUF_inst/O
                         net (fo=1, routed)           1.162    22.573    i_clk_IBUF
    MMCME2_ADV_X1Y2      MMCME2_ADV (Prop_mmcme2_adv_CLKIN1_CLKOUT0)
                                                     -7.324    15.249 r  u_mmcm/CLKOUT0
                         net (fo=1, routed)           1.639    16.888    clk_sys_mmcm
    BUFGCTRL_X0Y16       BUFG (Prop_bufg_I_O)         0.091    16.979 r  u_clk_sys_buf/O
                         net (fo=3365, routed)        1.519    18.499    u_tetris_game/clk_sys
    SLICE_X37Y53         FDCE                                         r  u_tetris_game/board_pipe_reg[151]/C
                         clock pessimism              0.559    19.058    
                         clock uncertainty           -0.089    18.970    
    SLICE_X37Y53         FDCE (Recov_fdce_C_CLR)     -0.405    18.565    u_tetris_game/board_pipe_reg[151]
  -------------------------------------------------------------------
                         required time                         18.565    
                         arrival time                         -10.885    
  -------------------------------------------------------------------
                         slack                                  7.680    

Slack (MET) :             7.680ns  (required time - arrival time)
  Source:                 game_reset_ff_reg/C
                            (rising edge-triggered cell FDPE clocked by clk_sys  {rise@0.000ns fall@10.000ns period=20.000ns})
  Destination:            u_tetris_game/board_pipe_reg[152]/CLR
                            (recovery check against rising-edge clock clk_sys  {rise@0.000ns fall@10.000ns period=20.000ns})
  Path Group:             **async_default**
  Path Type:              Recovery (Max at Slow Process Corner)
  Requirement:            20.000ns  (clk_sys rise@20.000ns - clk_sys rise@0.000ns)
  Data Path Delay:        11.798ns  (logic 0.580ns (4.916%)  route 11.218ns (95.084%))
  Logic Levels:           1  (LUT2=1)
  Clock Path Skew:        -0.028ns (DCD - SCD + CPR)
    Destination Clock Delay (DCD):    -1.501ns = ( 18.499 - 20.000 ) 
    Source Clock Delay      (SCD):    -0.914ns
    Clock Pessimism Removal (CPR):    0.559ns
  Clock Uncertainty:      0.089ns  ((TSJ^2 + DJ^2)^1/2) / 2 + PE
    Total System Jitter     (TSJ):    0.071ns
    Discrete Jitter          (DJ):    0.163ns
    Phase Error              (PE):    0.000ns

    Location             Delay type                Incr(ns)  Path(ns)    Netlist Resource(s)
  -------------------------------------------------------------------    -------------------
                         (clock clk_sys rise edge)    0.000     0.000 r  
    E3                                                0.000     0.000 r  i_clk (IN)
                         net (fo=0)                   0.000     0.000    i_clk
    E3                   IBUF (Prop_ibuf_I_O)         1.482     1.482 r  i_clk_IBUF_inst/O
                         net (fo=1, routed)           1.233     2.715    i_clk_IBUF
    MMCME2_ADV_X1Y2      MMCME2_ADV (Prop_mmcme2_adv_CLKIN1_CLKOUT0)
                                                     -7.070    -4.355 r  u_mmcm/CLKOUT0
                         net (fo=1, routed)           1.719    -2.636    clk_sys_mmcm
    BUFGCTRL_X0Y16       BUFG (Prop_bufg_I_O)         0.096    -2.540 r  u_clk_sys_buf/O
                         net (fo=3365, routed)        1.626    -0.914    clk_sys
    SLICE_X48Y83         FDPE                                         r  game_reset_ff_reg/C
  -------------------------------------------------------------------    -------------------
    SLICE_X48Y83         FDPE (Prop_fdpe_C_Q)         0.456    -0.458 f  game_reset_ff_reg/Q
                         net (fo=1, routed)           0.565     0.107    u_tetris_game/phase_reg[2]_rep_0
    SLICE_X43Y82         LUT2 (Prop_lut2_I0_O)        0.124     0.231 f  u_tetris_game/o_next_shape[2]_i_2/O
                         net (fo=882, routed)        10.653    10.885    u_tetris_game/i_rst0
    SLICE_X37Y53         FDCE                                         f  u_tetris_game/board_pipe_reg[152]/CLR
  -------------------------------------------------------------------    -------------------

                         (clock clk_sys rise edge)   20.000    20.000 r  
    E3                                                0.000    20.000 r  i_clk (IN)
                         net (fo=0)                   0.000    20.000    i_clk
    E3                   IBUF (Prop_ibuf_I_O)         1.411    21.411 r  i_clk_IBUF_inst/O
                         net (fo=1, routed)           1.162    22.573    i_clk_IBUF
    MMCME2_ADV_X1Y2      MMCME2_ADV (Prop_mmcme2_adv_CLKIN1_CLKOUT0)
                                                     -7.324    15.249 r  u_mmcm/CLKOUT0
                         net (fo=1, routed)           1.639    16.888    clk_sys_mmcm
    BUFGCTRL_X0Y16       BUFG (Prop_bufg_I_O)         0.091    16.979 r  u_clk_sys_buf/O
                         net (fo=3365, routed)        1.519    18.499    u_tetris_game/clk_sys
    SLICE_X37Y53         FDCE                                         r  u_tetris_game/board_pipe_reg[152]/C
                         clock pessimism              0.559    19.058    
                         clock uncertainty           -0.089    18.970    
    SLICE_X37Y53         FDCE (Recov_fdce_C_CLR)     -0.405    18.565    u_tetris_game/board_pipe_reg[152]
  -------------------------------------------------------------------
                         required time                         18.565    
                         arrival time                         -10.885    
  -------------------------------------------------------------------
                         slack                                  7.680    

Slack (MET) :             7.680ns  (required time - arrival time)
  Source:                 game_reset_ff_reg/C
                            (rising edge-triggered cell FDPE clocked by clk_sys  {rise@0.000ns fall@10.000ns period=20.000ns})
  Destination:            u_tetris_game/board_pipe_reg[165]/CLR
                            (recovery check against rising-edge clock clk_sys  {rise@0.000ns fall@10.000ns period=20.000ns})
  Path Group:             **async_default**
  Path Type:              Recovery (Max at Slow Process Corner)
  Requirement:            20.000ns  (clk_sys rise@20.000ns - clk_sys rise@0.000ns)
  Data Path Delay:        11.798ns  (logic 0.580ns (4.916%)  route 11.218ns (95.084%))
  Logic Levels:           1  (LUT2=1)
  Clock Path Skew:        -0.028ns (DCD - SCD + CPR)
    Destination Clock Delay (DCD):    -1.501ns = ( 18.499 - 20.000 ) 
    Source Clock Delay      (SCD):    -0.914ns
    Clock Pessimism Removal (CPR):    0.559ns
  Clock Uncertainty:      0.089ns  ((TSJ^2 + DJ^2)^1/2) / 2 + PE
    Total System Jitter     (TSJ):    0.071ns
    Discrete Jitter          (DJ):    0.163ns
    Phase Error              (PE):    0.000ns

    Location             Delay type                Incr(ns)  Path(ns)    Netlist Resource(s)
  -------------------------------------------------------------------    -------------------
                         (clock clk_sys rise edge)    0.000     0.000 r  
    E3                                                0.000     0.000 r  i_clk (IN)
                         net (fo=0)                   0.000     0.000    i_clk
    E3                   IBUF (Prop_ibuf_I_O)         1.482     1.482 r  i_clk_IBUF_inst/O
                         net (fo=1, routed)           1.233     2.715    i_clk_IBUF
    MMCME2_ADV_X1Y2      MMCME2_ADV (Prop_mmcme2_adv_CLKIN1_CLKOUT0)
                                                     -7.070    -4.355 r  u_mmcm/CLKOUT0
                         net (fo=1, routed)           1.719    -2.636    clk_sys_mmcm
    BUFGCTRL_X0Y16       BUFG (Prop_bufg_I_O)         0.096    -2.540 r  u_clk_sys_buf/O
                         net (fo=3365, routed)        1.626    -0.914    clk_sys
    SLICE_X48Y83         FDPE                                         r  game_reset_ff_reg/C
  -------------------------------------------------------------------    -------------------
    SLICE_X48Y83         FDPE (Prop_fdpe_C_Q)         0.456    -0.458 f  game_reset_ff_reg/Q
                         net (fo=1, routed)           0.565     0.107    u_tetris_game/phase_reg[2]_rep_0
    SLICE_X43Y82         LUT2 (Prop_lut2_I0_O)        0.124     0.231 f  u_tetris_game/o_next_shape[2]_i_2/O
                         net (fo=882, routed)        10.653    10.885    u_tetris_game/i_rst0
    SLICE_X37Y53         FDCE                                         f  u_tetris_game/board_pipe_reg[165]/CLR
  -------------------------------------------------------------------    -------------------

                         (clock clk_sys rise edge)   20.000    20.000 r  
    E3                                                0.000    20.000 r  i_clk (IN)
                         net (fo=0)                   0.000    20.000    i_clk
    E3                   IBUF (Prop_ibuf_I_O)         1.411    21.411 r  i_clk_IBUF_inst/O
                         net (fo=1, routed)           1.162    22.573    i_clk_IBUF
    MMCME2_ADV_X1Y2      MMCME2_ADV (Prop_mmcme2_adv_CLKIN1_CLKOUT0)
                                                     -7.324    15.249 r  u_mmcm/CLKOUT0
                         net (fo=1, routed)           1.639    16.888    clk_sys_mmcm
    BUFGCTRL_X0Y16       BUFG (Prop_bufg_I_O)         0.091    16.979 r  u_clk_sys_buf/O
                         net (fo=3365, routed)        1.519    18.499    u_tetris_game/clk_sys
    SLICE_X37Y53         FDCE                                         r  u_tetris_game/board_pipe_reg[165]/C
                         clock pessimism              0.559    19.058    
                         clock uncertainty           -0.089    18.970    
    SLICE_X37Y53         FDCE (Recov_fdce_C_CLR)     -0.405    18.565    u_tetris_game/board_pipe_reg[165]
  -------------------------------------------------------------------
                         required time                         18.565    
                         arrival time                         -10.885    
  -------------------------------------------------------------------
                         slack                                  7.680    





Min Delay Paths
--------------------------------------------------------------------------------------
Slack (MET) :             0.691ns  (arrival time - required time)
  Source:                 game_reset_ff_reg/C
                            (rising edge-triggered cell FDPE clocked by clk_sys  {rise@0.000ns fall@10.000ns period=20.000ns})
  Destination:            u_tetris_game/o_active_x_reg[2]/CLR
                            (removal check against rising-edge clock clk_sys  {rise@0.000ns fall@10.000ns period=20.000ns})
  Path Group:             **async_default**
  Path Type:              Removal (Min at Fast Process Corner)
  Requirement:            0.000ns  (clk_sys rise@0.000ns - clk_sys rise@0.000ns)
  Data Path Delay:        0.656ns  (logic 0.186ns (28.365%)  route 0.470ns (71.635%))
  Logic Levels:           1  (LUT2=1)
  Clock Path Skew:        0.032ns (DCD - SCD - CPR)
    Destination Clock Delay (DCD):    -0.846ns
    Source Clock Delay      (SCD):    -0.603ns
    Clock Pessimism Removal (CPR):    -0.275ns

    Location             Delay type                Incr(ns)  Path(ns)    Netlist Resource(s)
  -------------------------------------------------------------------    -------------------
                         (clock clk_sys rise edge)    0.000     0.000 r  
    E3                                                0.000     0.000 r  i_clk (IN)
                         net (fo=0)                   0.000     0.000    i_clk
    E3                   IBUF (Prop_ibuf_I_O)         0.250     0.250 r  i_clk_IBUF_inst/O
                         net (fo=1, routed)           0.440     0.690    i_clk_IBUF
    MMCME2_ADV_X1Y2      MMCME2_ADV (Prop_mmcme2_adv_CLKIN1_CLKOUT0)
                                                     -2.379    -1.689 r  u_mmcm/CLKOUT0
                         net (fo=1, routed)           0.499    -1.190    clk_sys_mmcm
    BUFGCTRL_X0Y16       BUFG (Prop_bufg_I_O)         0.026    -1.164 r  u_clk_sys_buf/O
                         net (fo=3365, routed)        0.561    -0.603    clk_sys
    SLICE_X48Y83         FDPE                                         r  game_reset_ff_reg/C
  -------------------------------------------------------------------    -------------------
    SLICE_X48Y83         FDPE (Prop_fdpe_C_Q)         0.141    -0.462 f  game_reset_ff_reg/Q
                         net (fo=1, routed)           0.191    -0.271    u_tetris_game/phase_reg[2]_rep_0
    SLICE_X43Y82         LUT2 (Prop_lut2_I0_O)        0.045    -0.226 f  u_tetris_game/o_next_shape[2]_i_2/O
                         net (fo=882, routed)         0.279     0.052    u_tetris_game/i_rst0
    SLICE_X42Y79         FDCE                                         f  u_tetris_game/o_active_x_reg[2]/CLR
  -------------------------------------------------------------------    -------------------

                         (clock clk_sys rise edge)    0.000     0.000 r  
    E3                                                0.000     0.000 r  i_clk (IN)
                         net (fo=0)                   0.000     0.000    i_clk
    E3                   IBUF (Prop_ibuf_I_O)         0.438     0.438 r  i_clk_IBUF_inst/O
                         net (fo=1, routed)           0.480     0.918    i_clk_IBUF
    MMCME2_ADV_X1Y2      MMCME2_ADV (Prop_mmcme2_adv_CLKIN1_CLKOUT0)
                                                     -3.163    -2.245 r  u_mmcm/CLKOUT0
                         net (fo=1, routed)           0.544    -1.702    clk_sys_mmcm
    BUFGCTRL_X0Y16       BUFG (Prop_bufg_I_O)         0.029    -1.673 r  u_clk_sys_buf/O
                         net (fo=3365, routed)        0.827    -0.846    u_tetris_game/clk_sys
    SLICE_X42Y79         FDCE                                         r  u_tetris_game/o_active_x_reg[2]/C
                         clock pessimism              0.275    -0.571    
    SLICE_X42Y79         FDCE (Remov_fdce_C_CLR)     -0.067    -0.638    u_tetris_game/o_active_x_reg[2]
  -------------------------------------------------------------------
                         required time                          0.638    
                         arrival time                           0.052    
  -------------------------------------------------------------------
                         slack                                  0.691    

Slack (MET) :             0.695ns  (arrival time - required time)
  Source:                 game_reset_ff_reg/C
                            (rising edge-triggered cell FDPE clocked by clk_sys  {rise@0.000ns fall@10.000ns period=20.000ns})
  Destination:            u_tetris_game/o_active_x_reg[1]/PRE
                            (removal check against rising-edge clock clk_sys  {rise@0.000ns fall@10.000ns period=20.000ns})
  Path Group:             **async_default**
  Path Type:              Removal (Min at Fast Process Corner)
  Requirement:            0.000ns  (clk_sys rise@0.000ns - clk_sys rise@0.000ns)
  Data Path Delay:        0.656ns  (logic 0.186ns (28.365%)  route 0.470ns (71.635%))
  Logic Levels:           1  (LUT2=1)
  Clock Path Skew:        0.032ns (DCD - SCD - CPR)
    Destination Clock Delay (DCD):    -0.846ns
    Source Clock Delay      (SCD):    -0.603ns
    Clock Pessimism Removal (CPR):    -0.275ns

    Location             Delay type                Incr(ns)  Path(ns)    Netlist Resource(s)
  -------------------------------------------------------------------    -------------------
                         (clock clk_sys rise edge)    0.000     0.000 r  
    E3                                                0.000     0.000 r  i_clk (IN)
                         net (fo=0)                   0.000     0.000    i_clk
    E3                   IBUF (Prop_ibuf_I_O)         0.250     0.250 r  i_clk_IBUF_inst/O
                         net (fo=1, routed)           0.440     0.690    i_clk_IBUF
    MMCME2_ADV_X1Y2      MMCME2_ADV (Prop_mmcme2_adv_CLKIN1_CLKOUT0)
                                                     -2.379    -1.689 r  u_mmcm/CLKOUT0
                         net (fo=1, routed)           0.499    -1.190    clk_sys_mmcm
    BUFGCTRL_X0Y16       BUFG (Prop_bufg_I_O)         0.026    -1.164 r  u_clk_sys_buf/O
                         net (fo=3365, routed)        0.561    -0.603    clk_sys
    SLICE_X48Y83         FDPE                                         r  game_reset_ff_reg/C
  -------------------------------------------------------------------    -------------------
    SLICE_X48Y83         FDPE (Prop_fdpe_C_Q)         0.141    -0.462 f  game_reset_ff_reg/Q
                         net (fo=1, routed)           0.191    -0.271    u_tetris_game/phase_reg[2]_rep_0
    SLICE_X43Y82         LUT2 (Prop_lut2_I0_O)        0.045    -0.226 f  u_tetris_game/o_next_shape[2]_i_2/O
                         net (fo=882, routed)         0.279     0.052    u_tetris_game/i_rst0
    SLICE_X42Y79         FDPE                                         f  u_tetris_game/o_active_x_reg[1]/PRE
  -------------------------------------------------------------------    -------------------

                         (clock clk_sys rise edge)    0.000     0.000 r  
    E3                                                0.000     0.000 r  i_clk (IN)
                         net (fo=0)                   0.000     0.000    i_clk
    E3                   IBUF (Prop_ibuf_I_O)         0.438     0.438 r  i_clk_IBUF_inst/O
                         net (fo=1, routed)           0.480     0.918    i_clk_IBUF
    MMCME2_ADV_X1Y2      MMCME2_ADV (Prop_mmcme2_adv_CLKIN1_CLKOUT0)
                                                     -3.163    -2.245 r  u_mmcm/CLKOUT0
                         net (fo=1, routed)           0.544    -1.702    clk_sys_mmcm
    BUFGCTRL_X0Y16       BUFG (Prop_bufg_I_O)         0.029    -1.673 r  u_clk_sys_buf/O
                         net (fo=3365, routed)        0.827    -0.846    u_tetris_game/clk_sys
    SLICE_X42Y79         FDPE                                         r  u_tetris_game/o_active_x_reg[1]/C
                         clock pessimism              0.275    -0.571    
    SLICE_X42Y79         FDPE (Remov_fdpe_C_PRE)     -0.071    -0.642    u_tetris_game/o_active_x_reg[1]
  -------------------------------------------------------------------
                         required time                          0.642    
                         arrival time                           0.052    
  -------------------------------------------------------------------
                         slack                                  0.695    

Slack (MET) :             0.716ns  (arrival time - required time)
  Source:                 game_reset_ff_reg/C
                            (rising edge-triggered cell FDPE clocked by clk_sys  {rise@0.000ns fall@10.000ns period=20.000ns})
  Destination:            u_tetris_game/active_x_stage_reg[2]/CLR
                            (removal check against rising-edge clock clk_sys  {rise@0.000ns fall@10.000ns period=20.000ns})
  Path Group:             **async_default**
  Path Type:              Removal (Min at Fast Process Corner)
  Requirement:            0.000ns  (clk_sys rise@0.000ns - clk_sys rise@0.000ns)
  Data Path Delay:        0.656ns  (logic 0.186ns (28.365%)  route 0.470ns (71.635%))
  Logic Levels:           1  (LUT2=1)
  Clock Path Skew:        0.032ns (DCD - SCD - CPR)
    Destination Clock Delay (DCD):    -0.846ns
    Source Clock Delay      (SCD):    -0.603ns
    Clock Pessimism Removal (CPR):    -0.275ns

    Location             Delay type                Incr(ns)  Path(ns)    Netlist Resource(s)
  -------------------------------------------------------------------    -------------------
                         (clock clk_sys rise edge)    0.000     0.000 r  
    E3                                                0.000     0.000 r  i_clk (IN)
                         net (fo=0)                   0.000     0.000    i_clk
    E3                   IBUF (Prop_ibuf_I_O)         0.250     0.250 r  i_clk_IBUF_inst/O
                         net (fo=1, routed)           0.440     0.690    i_clk_IBUF
    MMCME2_ADV_X1Y2      MMCME2_ADV (Prop_mmcme2_adv_CLKIN1_CLKOUT0)
                                                     -2.379    -1.689 r  u_mmcm/CLKOUT0
                         net (fo=1, routed)           0.499    -1.190    clk_sys_mmcm
    BUFGCTRL_X0Y16       BUFG (Prop_bufg_I_O)         0.026    -1.164 r  u_clk_sys_buf/O
                         net (fo=3365, routed)        0.561    -0.603    clk_sys
    SLICE_X48Y83         FDPE                                         r  game_reset_ff_reg/C
  -------------------------------------------------------------------    -------------------
    SLICE_X48Y83         FDPE (Prop_fdpe_C_Q)         0.141    -0.462 f  game_reset_ff_reg/Q
                         net (fo=1, routed)           0.191    -0.271    u_tetris_game/phase_reg[2]_rep_0
    SLICE_X43Y82         LUT2 (Prop_lut2_I0_O)        0.045    -0.226 f  u_tetris_game/o_next_shape[2]_i_2/O
                         net (fo=882, routed)         0.279     0.052    u_tetris_game/i_rst0
    SLICE_X43Y79         FDCE                                         f  u_tetris_game/active_x_stage_reg[2]/CLR
  -------------------------------------------------------------------    -------------------

                         (clock clk_sys rise edge)    0.000     0.000 r  
    E3                                                0.000     0.000 r  i_clk (IN)
                         net (fo=0)                   0.000     0.000    i_clk
    E3                   IBUF (Prop_ibuf_I_O)         0.438     0.438 r  i_clk_IBUF_inst/O
                         net (fo=1, routed)           0.480     0.918    i_clk_IBUF
    MMCME2_ADV_X1Y2      MMCME2_ADV (Prop_mmcme2_adv_CLKIN1_CLKOUT0)
                                                     -3.163    -2.245 r  u_mmcm/CLKOUT0
                         net (fo=1, routed)           0.544    -1.702    clk_sys_mmcm
    BUFGCTRL_X0Y16       BUFG (Prop_bufg_I_O)         0.029    -1.673 r  u_clk_sys_buf/O
                         net (fo=3365, routed)        0.827    -0.846    u_tetris_game/clk_sys
    SLICE_X43Y79         FDCE                                         r  u_tetris_game/active_x_stage_reg[2]/C
                         clock pessimism              0.275    -0.571    
    SLICE_X43Y79         FDCE (Remov_fdce_C_CLR)     -0.092    -0.663    u_tetris_game/active_x_stage_reg[2]
  -------------------------------------------------------------------
                         required time                          0.663    
                         arrival time                           0.052    
  -------------------------------------------------------------------
                         slack                                  0.716    

Slack (MET) :             0.716ns  (arrival time - required time)
  Source:                 game_reset_ff_reg/C
                            (rising edge-triggered cell FDPE clocked by clk_sys  {rise@0.000ns fall@10.000ns period=20.000ns})
  Destination:            u_tetris_game/active_x_stage_reg[2]_rep/CLR
                            (removal check against rising-edge clock clk_sys  {rise@0.000ns fall@10.000ns period=20.000ns})
  Path Group:             **async_default**
  Path Type:              Removal (Min at Fast Process Corner)
  Requirement:            0.000ns  (clk_sys rise@0.000ns - clk_sys rise@0.000ns)
  Data Path Delay:        0.656ns  (logic 0.186ns (28.365%)  route 0.470ns (71.635%))
  Logic Levels:           1  (LUT2=1)
  Clock Path Skew:        0.032ns (DCD - SCD - CPR)
    Destination Clock Delay (DCD):    -0.846ns
    Source Clock Delay      (SCD):    -0.603ns
    Clock Pessimism Removal (CPR):    -0.275ns

    Location             Delay type                Incr(ns)  Path(ns)    Netlist Resource(s)
  -------------------------------------------------------------------    -------------------
                         (clock clk_sys rise edge)    0.000     0.000 r  
    E3                                                0.000     0.000 r  i_clk (IN)
                         net (fo=0)                   0.000     0.000    i_clk
    E3                   IBUF (Prop_ibuf_I_O)         0.250     0.250 r  i_clk_IBUF_inst/O
                         net (fo=1, routed)           0.440     0.690    i_clk_IBUF
    MMCME2_ADV_X1Y2      MMCME2_ADV (Prop_mmcme2_adv_CLKIN1_CLKOUT0)
                                                     -2.379    -1.689 r  u_mmcm/CLKOUT0
                         net (fo=1, routed)           0.499    -1.190    clk_sys_mmcm
    BUFGCTRL_X0Y16       BUFG (Prop_bufg_I_O)         0.026    -1.164 r  u_clk_sys_buf/O
                         net (fo=3365, routed)        0.561    -0.603    clk_sys
    SLICE_X48Y83         FDPE                                         r  game_reset_ff_reg/C
  -------------------------------------------------------------------    -------------------
    SLICE_X48Y83         FDPE (Prop_fdpe_C_Q)         0.141    -0.462 f  game_reset_ff_reg/Q
                         net (fo=1, routed)           0.191    -0.271    u_tetris_game/phase_reg[2]_rep_0
    SLICE_X43Y82         LUT2 (Prop_lut2_I0_O)        0.045    -0.226 f  u_tetris_game/o_next_shape[2]_i_2/O
                         net (fo=882, routed)         0.279     0.052    u_tetris_game/i_rst0
    SLICE_X43Y79         FDCE                                         f  u_tetris_game/active_x_stage_reg[2]_rep/CLR
  -------------------------------------------------------------------    -------------------

                         (clock clk_sys rise edge)    0.000     0.000 r  
    E3                                                0.000     0.000 r  i_clk (IN)
                         net (fo=0)                   0.000     0.000    i_clk
    E3                   IBUF (Prop_ibuf_I_O)         0.438     0.438 r  i_clk_IBUF_inst/O
                         net (fo=1, routed)           0.480     0.918    i_clk_IBUF
    MMCME2_ADV_X1Y2      MMCME2_ADV (Prop_mmcme2_adv_CLKIN1_CLKOUT0)
                                                     -3.163    -2.245 r  u_mmcm/CLKOUT0
                         net (fo=1, routed)           0.544    -1.702    clk_sys_mmcm
    BUFGCTRL_X0Y16       BUFG (Prop_bufg_I_O)         0.029    -1.673 r  u_clk_sys_buf/O
                         net (fo=3365, routed)        0.827    -0.846    u_tetris_game/clk_sys
    SLICE_X43Y79         FDCE                                         r  u_tetris_game/active_x_stage_reg[2]_rep/C
                         clock pessimism              0.275    -0.571    
    SLICE_X43Y79         FDCE (Remov_fdce_C_CLR)     -0.092    -0.663    u_tetris_game/active_x_stage_reg[2]_rep
  -------------------------------------------------------------------
                         required time                          0.663    
                         arrival time                           0.052    
  -------------------------------------------------------------------
                         slack                                  0.716    

Slack (MET) :             0.756ns  (arrival time - required time)
  Source:                 game_reset_ff_reg/C
                            (rising edge-triggered cell FDPE clocked by clk_sys  {rise@0.000ns fall@10.000ns period=20.000ns})
  Destination:            u_tetris_game/o_active_y_reg[0]/CLR
                            (removal check against rising-edge clock clk_sys  {rise@0.000ns fall@10.000ns period=20.000ns})
  Path Group:             **async_default**
  Path Type:              Removal (Min at Fast Process Corner)
  Requirement:            0.000ns  (clk_sys rise@0.000ns - clk_sys rise@0.000ns)
  Data Path Delay:        0.697ns  (logic 0.186ns (26.671%)  route 0.511ns (73.329%))
  Logic Levels:           1  (LUT2=1)
  Clock Path Skew:        0.033ns (DCD - SCD - CPR)
    Destination Clock Delay (DCD):    -0.845ns
    Source Clock Delay      (SCD):    -0.603ns
    Clock Pessimism Removal (CPR):    -0.275ns

    Location             Delay type                Incr(ns)  Path(ns)    Netlist Resource(s)
  -------------------------------------------------------------------    -------------------
                         (clock clk_sys rise edge)    0.000     0.000 r  
    E3                                                0.000     0.000 r  i_clk (IN)
                         net (fo=0)                   0.000     0.000    i_clk
    E3                   IBUF (Prop_ibuf_I_O)         0.250     0.250 r  i_clk_IBUF_inst/O
                         net (fo=1, routed)           0.440     0.690    i_clk_IBUF
    MMCME2_ADV_X1Y2      MMCME2_ADV (Prop_mmcme2_adv_CLKIN1_CLKOUT0)
                                                     -2.379    -1.689 r  u_mmcm/CLKOUT0
                         net (fo=1, routed)           0.499    -1.190    clk_sys_mmcm
    BUFGCTRL_X0Y16       BUFG (Prop_bufg_I_O)         0.026    -1.164 r  u_clk_sys_buf/O
                         net (fo=3365, routed)        0.561    -0.603    clk_sys
    SLICE_X48Y83         FDPE                                         r  game_reset_ff_reg/C
  -------------------------------------------------------------------    -------------------
    SLICE_X48Y83         FDPE (Prop_fdpe_C_Q)         0.141    -0.462 f  game_reset_ff_reg/Q
                         net (fo=1, routed)           0.191    -0.271    u_tetris_game/phase_reg[2]_rep_0
    SLICE_X43Y82         LUT2 (Prop_lut2_I0_O)        0.045    -0.226 f  u_tetris_game/o_next_shape[2]_i_2/O
                         net (fo=882, routed)         0.320     0.094    u_tetris_game/i_rst0
    SLICE_X41Y78         FDCE                                         f  u_tetris_game/o_active_y_reg[0]/CLR
  -------------------------------------------------------------------    -------------------

                         (clock clk_sys rise edge)    0.000     0.000 r  
    E3                                                0.000     0.000 r  i_clk (IN)
                         net (fo=0)                   0.000     0.000    i_clk
    E3                   IBUF (Prop_ibuf_I_O)         0.438     0.438 r  i_clk_IBUF_inst/O
                         net (fo=1, routed)           0.480     0.918    i_clk_IBUF
    MMCME2_ADV_X1Y2      MMCME2_ADV (Prop_mmcme2_adv_CLKIN1_CLKOUT0)
                                                     -3.163    -2.245 r  u_mmcm/CLKOUT0
                         net (fo=1, routed)           0.544    -1.702    clk_sys_mmcm
    BUFGCTRL_X0Y16       BUFG (Prop_bufg_I_O)         0.029    -1.673 r  u_clk_sys_buf/O
                         net (fo=3365, routed)        0.828    -0.845    u_tetris_game/clk_sys
    SLICE_X41Y78         FDCE                                         r  u_tetris_game/o_active_y_reg[0]/C
                         clock pessimism              0.275    -0.570    
    SLICE_X41Y78         FDCE (Remov_fdce_C_CLR)     -0.092    -0.662    u_tetris_game/o_active_y_reg[0]
  -------------------------------------------------------------------
                         required time                          0.662    
                         arrival time                           0.094    
  -------------------------------------------------------------------
                         slack                                  0.756    

Slack (MET) :             0.756ns  (arrival time - required time)
  Source:                 game_reset_ff_reg/C
                            (rising edge-triggered cell FDPE clocked by clk_sys  {rise@0.000ns fall@10.000ns period=20.000ns})
  Destination:            u_tetris_game/o_active_y_reg[5]/CLR
                            (removal check against rising-edge clock clk_sys  {rise@0.000ns fall@10.000ns period=20.000ns})
  Path Group:             **async_default**
  Path Type:              Removal (Min at Fast Process Corner)
  Requirement:            0.000ns  (clk_sys rise@0.000ns - clk_sys rise@0.000ns)
  Data Path Delay:        0.697ns  (logic 0.186ns (26.671%)  route 0.511ns (73.329%))
  Logic Levels:           1  (LUT2=1)
  Clock Path Skew:        0.033ns (DCD - SCD - CPR)
    Destination Clock Delay (DCD):    -0.845ns
    Source Clock Delay      (SCD):    -0.603ns
    Clock Pessimism Removal (CPR):    -0.275ns

    Location             Delay type                Incr(ns)  Path(ns)    Netlist Resource(s)
  -------------------------------------------------------------------    -------------------
                         (clock clk_sys rise edge)    0.000     0.000 r  
    E3                                                0.000     0.000 r  i_clk (IN)
                         net (fo=0)                   0.000     0.000    i_clk
    E3                   IBUF (Prop_ibuf_I_O)         0.250     0.250 r  i_clk_IBUF_inst/O
                         net (fo=1, routed)           0.440     0.690    i_clk_IBUF
    MMCME2_ADV_X1Y2      MMCME2_ADV (Prop_mmcme2_adv_CLKIN1_CLKOUT0)
                                                     -2.379    -1.689 r  u_mmcm/CLKOUT0
                         net (fo=1, routed)           0.499    -1.190    clk_sys_mmcm
    BUFGCTRL_X0Y16       BUFG (Prop_bufg_I_O)         0.026    -1.164 r  u_clk_sys_buf/O
                         net (fo=3365, routed)        0.561    -0.603    clk_sys
    SLICE_X48Y83         FDPE                                         r  game_reset_ff_reg/C
  -------------------------------------------------------------------    -------------------
    SLICE_X48Y83         FDPE (Prop_fdpe_C_Q)         0.141    -0.462 f  game_reset_ff_reg/Q
                         net (fo=1, routed)           0.191    -0.271    u_tetris_game/phase_reg[2]_rep_0
    SLICE_X43Y82         LUT2 (Prop_lut2_I0_O)        0.045    -0.226 f  u_tetris_game/o_next_shape[2]_i_2/O
                         net (fo=882, routed)         0.320     0.094    u_tetris_game/i_rst0
    SLICE_X41Y78         FDCE                                         f  u_tetris_game/o_active_y_reg[5]/CLR
  -------------------------------------------------------------------    -------------------

                         (clock clk_sys rise edge)    0.000     0.000 r  
    E3                                                0.000     0.000 r  i_clk (IN)
                         net (fo=0)                   0.000     0.000    i_clk
    E3                   IBUF (Prop_ibuf_I_O)         0.438     0.438 r  i_clk_IBUF_inst/O
                         net (fo=1, routed)           0.480     0.918    i_clk_IBUF
    MMCME2_ADV_X1Y2      MMCME2_ADV (Prop_mmcme2_adv_CLKIN1_CLKOUT0)
                                                     -3.163    -2.245 r  u_mmcm/CLKOUT0
                         net (fo=1, routed)           0.544    -1.702    clk_sys_mmcm
    BUFGCTRL_X0Y16       BUFG (Prop_bufg_I_O)         0.029    -1.673 r  u_clk_sys_buf/O
                         net (fo=3365, routed)        0.828    -0.845    u_tetris_game/clk_sys
    SLICE_X41Y78         FDCE                                         r  u_tetris_game/o_active_y_reg[5]/C
                         clock pessimism              0.275    -0.570    
    SLICE_X41Y78         FDCE (Remov_fdce_C_CLR)     -0.092    -0.662    u_tetris_game/o_active_y_reg[5]
  -------------------------------------------------------------------
                         required time                          0.662    
                         arrival time                           0.094    
  -------------------------------------------------------------------
                         slack                                  0.756    

Slack (MET) :             0.842ns  (arrival time - required time)
  Source:                 game_reset_ff_reg/C
                            (rising edge-triggered cell FDPE clocked by clk_sys  {rise@0.000ns fall@10.000ns period=20.000ns})
  Destination:            u_tetris_game/active_x_stage_reg[4]/CLR
                            (removal check against rising-edge clock clk_sys  {rise@0.000ns fall@10.000ns period=20.000ns})
  Path Group:             **async_default**
  Path Type:              Removal (Min at Fast Process Corner)
  Requirement:            0.000ns  (clk_sys rise@0.000ns - clk_sys rise@0.000ns)
  Data Path Delay:        0.806ns  (logic 0.186ns (23.083%)  route 0.620ns (76.917%))
  Logic Levels:           1  (LUT2=1)
  Clock Path Skew:        0.031ns (DCD - SCD - CPR)
    Destination Clock Delay (DCD):    -0.847ns
    Source Clock Delay      (SCD):    -0.603ns
    Clock Pessimism Removal (CPR):    -0.275ns

    Location             Delay type                Incr(ns)  Path(ns)    Netlist Resource(s)
  -------------------------------------------------------------------    -------------------
                         (clock clk_sys rise edge)    0.000     0.000 r  
    E3                                                0.000     0.000 r  i_clk (IN)
                         net (fo=0)                   0.000     0.000    i_clk
    E3                   IBUF (Prop_ibuf_I_O)         0.250     0.250 r  i_clk_IBUF_inst/O
                         net (fo=1, routed)           0.440     0.690    i_clk_IBUF
    MMCME2_ADV_X1Y2      MMCME2_ADV (Prop_mmcme2_adv_CLKIN1_CLKOUT0)
                                                     -2.379    -1.689 r  u_mmcm/CLKOUT0
                         net (fo=1, routed)           0.499    -1.190    clk_sys_mmcm
    BUFGCTRL_X0Y16       BUFG (Prop_bufg_I_O)         0.026    -1.164 r  u_clk_sys_buf/O
                         net (fo=3365, routed)        0.561    -0.603    clk_sys
    SLICE_X48Y83         FDPE                                         r  game_reset_ff_reg/C
  -------------------------------------------------------------------    -------------------
    SLICE_X48Y83         FDPE (Prop_fdpe_C_Q)         0.141    -0.462 f  game_reset_ff_reg/Q
                         net (fo=1, routed)           0.191    -0.271    u_tetris_game/phase_reg[2]_rep_0
    SLICE_X43Y82         LUT2 (Prop_lut2_I0_O)        0.045    -0.226 f  u_tetris_game/o_next_shape[2]_i_2/O
                         net (fo=882, routed)         0.429     0.203    u_tetris_game/i_rst0
    SLICE_X42Y78         FDCE                                         f  u_tetris_game/active_x_stage_reg[4]/CLR
  -------------------------------------------------------------------    -------------------

                         (clock clk_sys rise edge)    0.000     0.000 r  
    E3                                                0.000     0.000 r  i_clk (IN)
                         net (fo=0)                   0.000     0.000    i_clk
    E3                   IBUF (Prop_ibuf_I_O)         0.438     0.438 r  i_clk_IBUF_inst/O
                         net (fo=1, routed)           0.480     0.918    i_clk_IBUF
    MMCME2_ADV_X1Y2      MMCME2_ADV (Prop_mmcme2_adv_CLKIN1_CLKOUT0)
                                                     -3.163    -2.245 r  u_mmcm/CLKOUT0
                         net (fo=1, routed)           0.544    -1.702    clk_sys_mmcm
    BUFGCTRL_X0Y16       BUFG (Prop_bufg_I_O)         0.029    -1.673 r  u_clk_sys_buf/O
                         net (fo=3365, routed)        0.826    -0.847    u_tetris_game/clk_sys
    SLICE_X42Y78         FDCE                                         r  u_tetris_game/active_x_stage_reg[4]/C
                         clock pessimism              0.275    -0.572    
    SLICE_X42Y78         FDCE (Remov_fdce_C_CLR)     -0.067    -0.639    u_tetris_game/active_x_stage_reg[4]
  -------------------------------------------------------------------
                         required time                          0.639    
                         arrival time                           0.203    
  -------------------------------------------------------------------
                         slack                                  0.842    

Slack (MET) :             0.846ns  (arrival time - required time)
  Source:                 game_reset_ff_reg/C
                            (rising edge-triggered cell FDPE clocked by clk_sys  {rise@0.000ns fall@10.000ns period=20.000ns})
  Destination:            u_tetris_game/active_x_stage_reg[1]/PRE
                            (removal check against rising-edge clock clk_sys  {rise@0.000ns fall@10.000ns period=20.000ns})
  Path Group:             **async_default**
  Path Type:              Removal (Min at Fast Process Corner)
  Requirement:            0.000ns  (clk_sys rise@0.000ns - clk_sys rise@0.000ns)
  Data Path Delay:        0.806ns  (logic 0.186ns (23.083%)  route 0.620ns (76.917%))
  Logic Levels:           1  (LUT2=1)
  Clock Path Skew:        0.031ns (DCD - SCD - CPR)
    Destination Clock Delay (DCD):    -0.847ns
    Source Clock Delay      (SCD):    -0.603ns
    Clock Pessimism Removal (CPR):    -0.275ns

    Location             Delay type                Incr(ns)  Path(ns)    Netlist Resource(s)
  -------------------------------------------------------------------    -------------------
                         (clock clk_sys rise edge)    0.000     0.000 r  
    E3                                                0.000     0.000 r  i_clk (IN)
                         net (fo=0)                   0.000     0.000    i_clk
    E3                   IBUF (Prop_ibuf_I_O)         0.250     0.250 r  i_clk_IBUF_inst/O
                         net (fo=1, routed)           0.440     0.690    i_clk_IBUF
    MMCME2_ADV_X1Y2      MMCME2_ADV (Prop_mmcme2_adv_CLKIN1_CLKOUT0)
                                                     -2.379    -1.689 r  u_mmcm/CLKOUT0
                         net (fo=1, routed)           0.499    -1.190    clk_sys_mmcm
    BUFGCTRL_X0Y16       BUFG (Prop_bufg_I_O)         0.026    -1.164 r  u_clk_sys_buf/O
                         net (fo=3365, routed)        0.561    -0.603    clk_sys
    SLICE_X48Y83         FDPE                                         r  game_reset_ff_reg/C
  -------------------------------------------------------------------    -------------------
    SLICE_X48Y83         FDPE (Prop_fdpe_C_Q)         0.141    -0.462 f  game_reset_ff_reg/Q
                         net (fo=1, routed)           0.191    -0.271    u_tetris_game/phase_reg[2]_rep_0
    SLICE_X43Y82         LUT2 (Prop_lut2_I0_O)        0.045    -0.226 f  u_tetris_game/o_next_shape[2]_i_2/O
                         net (fo=882, routed)         0.429     0.203    u_tetris_game/i_rst0
    SLICE_X42Y78         FDPE                                         f  u_tetris_game/active_x_stage_reg[1]/PRE
  -------------------------------------------------------------------    -------------------

                         (clock clk_sys rise edge)    0.000     0.000 r  
    E3                                                0.000     0.000 r  i_clk (IN)
                         net (fo=0)                   0.000     0.000    i_clk
    E3                   IBUF (Prop_ibuf_I_O)         0.438     0.438 r  i_clk_IBUF_inst/O
                         net (fo=1, routed)           0.480     0.918    i_clk_IBUF
    MMCME2_ADV_X1Y2      MMCME2_ADV (Prop_mmcme2_adv_CLKIN1_CLKOUT0)
                                                     -3.163    -2.245 r  u_mmcm/CLKOUT0
                         net (fo=1, routed)           0.544    -1.702    clk_sys_mmcm
    BUFGCTRL_X0Y16       BUFG (Prop_bufg_I_O)         0.029    -1.673 r  u_clk_sys_buf/O
                         net (fo=3365, routed)        0.826    -0.847    u_tetris_game/clk_sys
    SLICE_X42Y78         FDPE                                         r  u_tetris_game/active_x_stage_reg[1]/C
                         clock pessimism              0.275    -0.572    
    SLICE_X42Y78         FDPE (Remov_fdpe_C_PRE)     -0.071    -0.643    u_tetris_game/active_x_stage_reg[1]
  -------------------------------------------------------------------
                         required time                          0.643    
                         arrival time                           0.203    
  -------------------------------------------------------------------
                         slack                                  0.846    

Slack (MET) :             0.846ns  (arrival time - required time)
  Source:                 game_reset_ff_reg/C
                            (rising edge-triggered cell FDPE clocked by clk_sys  {rise@0.000ns fall@10.000ns period=20.000ns})
  Destination:            u_tetris_game/active_x_stage_reg[1]_rep/PRE
                            (removal check against rising-edge clock clk_sys  {rise@0.000ns fall@10.000ns period=20.000ns})
  Path Group:             **async_default**
  Path Type:              Removal (Min at Fast Process Corner)
  Requirement:            0.000ns  (clk_sys rise@0.000ns - clk_sys rise@0.000ns)
  Data Path Delay:        0.806ns  (logic 0.186ns (23.083%)  route 0.620ns (76.917%))
  Logic Levels:           1  (LUT2=1)
  Clock Path Skew:        0.031ns (DCD - SCD - CPR)
    Destination Clock Delay (DCD):    -0.847ns
    Source Clock Delay      (SCD):    -0.603ns
    Clock Pessimism Removal (CPR):    -0.275ns

    Location             Delay type                Incr(ns)  Path(ns)    Netlist Resource(s)
  -------------------------------------------------------------------    -------------------
                         (clock clk_sys rise edge)    0.000     0.000 r  
    E3                                                0.000     0.000 r  i_clk (IN)
                         net (fo=0)                   0.000     0.000    i_clk
    E3                   IBUF (Prop_ibuf_I_O)         0.250     0.250 r  i_clk_IBUF_inst/O
                         net (fo=1, routed)           0.440     0.690    i_clk_IBUF
    MMCME2_ADV_X1Y2      MMCME2_ADV (Prop_mmcme2_adv_CLKIN1_CLKOUT0)
                                                     -2.379    -1.689 r  u_mmcm/CLKOUT0
                         net (fo=1, routed)           0.499    -1.190    clk_sys_mmcm
    BUFGCTRL_X0Y16       BUFG (Prop_bufg_I_O)         0.026    -1.164 r  u_clk_sys_buf/O
                         net (fo=3365, routed)        0.561    -0.603    clk_sys
    SLICE_X48Y83         FDPE                                         r  game_reset_ff_reg/C
  -------------------------------------------------------------------    -------------------
    SLICE_X48Y83         FDPE (Prop_fdpe_C_Q)         0.141    -0.462 f  game_reset_ff_reg/Q
                         net (fo=1, routed)           0.191    -0.271    u_tetris_game/phase_reg[2]_rep_0
    SLICE_X43Y82         LUT2 (Prop_lut2_I0_O)        0.045    -0.226 f  u_tetris_game/o_next_shape[2]_i_2/O
                         net (fo=882, routed)         0.429     0.203    u_tetris_game/i_rst0
    SLICE_X42Y78         FDPE                                         f  u_tetris_game/active_x_stage_reg[1]_rep/PRE
  -------------------------------------------------------------------    -------------------

                         (clock clk_sys rise edge)    0.000     0.000 r  
    E3                                                0.000     0.000 r  i_clk (IN)
                         net (fo=0)                   0.000     0.000    i_clk
    E3                   IBUF (Prop_ibuf_I_O)         0.438     0.438 r  i_clk_IBUF_inst/O
                         net (fo=1, routed)           0.480     0.918    i_clk_IBUF
    MMCME2_ADV_X1Y2      MMCME2_ADV (Prop_mmcme2_adv_CLKIN1_CLKOUT0)
                                                     -3.163    -2.245 r  u_mmcm/CLKOUT0
                         net (fo=1, routed)           0.544    -1.702    clk_sys_mmcm
    BUFGCTRL_X0Y16       BUFG (Prop_bufg_I_O)         0.029    -1.673 r  u_clk_sys_buf/O
                         net (fo=3365, routed)        0.826    -0.847    u_tetris_game/clk_sys
    SLICE_X42Y78         FDPE                                         r  u_tetris_game/active_x_stage_reg[1]_rep/C
                         clock pessimism              0.275    -0.572    
    SLICE_X42Y78         FDPE (Remov_fdpe_C_PRE)     -0.071    -0.643    u_tetris_game/active_x_stage_reg[1]_rep
  -------------------------------------------------------------------
                         required time                          0.643    
                         arrival time                           0.203    
  -------------------------------------------------------------------
                         slack                                  0.846    

Slack (MET) :             0.846ns  (arrival time - required time)
  Source:                 game_reset_ff_reg/C
                            (rising edge-triggered cell FDPE clocked by clk_sys  {rise@0.000ns fall@10.000ns period=20.000ns})
  Destination:            u_tetris_game/active_x_stage_reg[1]_rep__0/PRE
                            (removal check against rising-edge clock clk_sys  {rise@0.000ns fall@10.000ns period=20.000ns})
  Path Group:             **async_default**
  Path Type:              Removal (Min at Fast Process Corner)
  Requirement:            0.000ns  (clk_sys rise@0.000ns - clk_sys rise@0.000ns)
  Data Path Delay:        0.806ns  (logic 0.186ns (23.083%)  route 0.620ns (76.917%))
  Logic Levels:           1  (LUT2=1)
  Clock Path Skew:        0.031ns (DCD - SCD - CPR)
    Destination Clock Delay (DCD):    -0.847ns
    Source Clock Delay      (SCD):    -0.603ns
    Clock Pessimism Removal (CPR):    -0.275ns

    Location             Delay type                Incr(ns)  Path(ns)    Netlist Resource(s)
  -------------------------------------------------------------------    -------------------
                         (clock clk_sys rise edge)    0.000     0.000 r  
    E3                                                0.000     0.000 r  i_clk (IN)
                         net (fo=0)                   0.000     0.000    i_clk
    E3                   IBUF (Prop_ibuf_I_O)         0.250     0.250 r  i_clk_IBUF_inst/O
                         net (fo=1, routed)           0.440     0.690    i_clk_IBUF
    MMCME2_ADV_X1Y2      MMCME2_ADV (Prop_mmcme2_adv_CLKIN1_CLKOUT0)
                                                     -2.379    -1.689 r  u_mmcm/CLKOUT0
                         net (fo=1, routed)           0.499    -1.190    clk_sys_mmcm
    BUFGCTRL_X0Y16       BUFG (Prop_bufg_I_O)         0.026    -1.164 r  u_clk_sys_buf/O
                         net (fo=3365, routed)        0.561    -0.603    clk_sys
    SLICE_X48Y83         FDPE                                         r  game_reset_ff_reg/C
  -------------------------------------------------------------------    -------------------
    SLICE_X48Y83         FDPE (Prop_fdpe_C_Q)         0.141    -0.462 f  game_reset_ff_reg/Q
                         net (fo=1, routed)           0.191    -0.271    u_tetris_game/phase_reg[2]_rep_0
    SLICE_X43Y82         LUT2 (Prop_lut2_I0_O)        0.045    -0.226 f  u_tetris_game/o_next_shape[2]_i_2/O
                         net (fo=882, routed)         0.429     0.203    u_tetris_game/i_rst0
    SLICE_X42Y78         FDPE                                         f  u_tetris_game/active_x_stage_reg[1]_rep__0/PRE
  -------------------------------------------------------------------    -------------------

                         (clock clk_sys rise edge)    0.000     0.000 r  
    E3                                                0.000     0.000 r  i_clk (IN)
                         net (fo=0)                   0.000     0.000    i_clk
    E3                   IBUF (Prop_ibuf_I_O)         0.438     0.438 r  i_clk_IBUF_inst/O
                         net (fo=1, routed)           0.480     0.918    i_clk_IBUF
    MMCME2_ADV_X1Y2      MMCME2_ADV (Prop_mmcme2_adv_CLKIN1_CLKOUT0)
                                                     -3.163    -2.245 r  u_mmcm/CLKOUT0
                         net (fo=1, routed)           0.544    -1.702    clk_sys_mmcm
    BUFGCTRL_X0Y16       BUFG (Prop_bufg_I_O)         0.029    -1.673 r  u_clk_sys_buf/O
                         net (fo=3365, routed)        0.826    -0.847    u_tetris_game/clk_sys
    SLICE_X42Y78         FDPE                                         r  u_tetris_game/active_x_stage_reg[1]_rep__0/C
                         clock pessimism              0.275    -0.572    
    SLICE_X42Y78         FDPE (Remov_fdpe_C_PRE)     -0.071    -0.643    u_tetris_game/active_x_stage_reg[1]_rep__0
  -------------------------------------------------------------------
                         required time                          0.643    
                         arrival time                           0.203    
  -------------------------------------------------------------------
                         slack                                  0.846    





--------------------------------------------------------------------------------------
Path Group:  (none)
From Clock:  clk_sys
  To Clock:  

Max Delay            14 Endpoints
Min Delay            14 Endpoints
--------------------------------------------------------------------------------------


Max Delay Paths
--------------------------------------------------------------------------------------
Slack:                    inf
  Source:                 game_green_q_reg[3]/C
                            (rising edge-triggered cell FDCE clocked by clk_sys  {rise@0.000ns fall@10.000ns period=20.000ns})
  Destination:            o_vga_green[3]
                            (output port)
  Path Group:             (none)
  Path Type:              Max at Slow Process Corner
  Data Path Delay:        10.055ns  (logic 4.418ns (43.941%)  route 5.637ns (56.059%))
  Logic Levels:           2  (LUT3=1 OBUF=1)
  Clock Uncertainty:      0.199ns  ((TSJ^2 + DJ^2)^1/2) / 2 + PE
    Total System Jitter     (TSJ):    0.050ns
    Discrete Jitter          (DJ):    0.163ns
    Phase Error              (PE):    0.114ns

    Location             Delay type                Incr(ns)  Path(ns)    Netlist Resource(s)
  -------------------------------------------------------------------    -------------------
                         (clock clk_sys rise edge)    0.000     0.000 r  
    E3                                                0.000     0.000 r  i_clk (IN)
                         net (fo=0)                   0.000     0.000    i_clk
    E3                   IBUF (Prop_ibuf_I_O)         1.482     1.482 r  i_clk_IBUF_inst/O
                         net (fo=1, routed)           1.233     2.715    i_clk_IBUF
    MMCME2_ADV_X1Y2      MMCME2_ADV (Prop_mmcme2_adv_CLKIN1_CLKOUT0)
                                                     -7.070    -4.355 r  u_mmcm/CLKOUT0
                         net (fo=1, routed)           1.719    -2.636    clk_sys_mmcm
    BUFGCTRL_X0Y16       BUFG (Prop_bufg_I_O)         0.096    -2.540 r  u_clk_sys_buf/O
                         net (fo=3365, routed)        1.633    -0.907    clk_sys
    SLICE_X46Y91         FDCE                                         r  game_green_q_reg[3]/C
  -------------------------------------------------------------------    -------------------
    SLICE_X46Y91         FDCE (Prop_fdce_C_Q)         0.518    -0.389 r  game_green_q_reg[3]/Q
                         net (fo=1, routed)           1.277     0.888    game_green_q[3]
    SLICE_X55Y94         LUT3 (Prop_lut3_I1_O)        0.152     1.040 r  o_vga_green_OBUF[3]_inst_i_1/O
                         net (fo=1, routed)           4.360     5.400    o_vga_green_OBUF[3]
    A6                   OBUF (Prop_obuf_I_O)         3.748     9.149 r  o_vga_green_OBUF[3]_inst/O
                         net (fo=0)                   0.000     9.149    o_vga_green[3]
    A6                                                                r  o_vga_green[3] (OUT)
  -------------------------------------------------------------------    -------------------

Slack:                    inf
  Source:                 game_green_q_reg[1]/C
                            (rising edge-triggered cell FDCE clocked by clk_sys  {rise@0.000ns fall@10.000ns period=20.000ns})
  Destination:            o_vga_green[1]
                            (output port)
  Path Group:             (none)
  Path Type:              Max at Slow Process Corner
  Data Path Delay:        9.898ns  (logic 4.439ns (44.844%)  route 5.459ns (55.156%))
  Logic Levels:           2  (LUT3=1 OBUF=1)
  Clock Uncertainty:      0.199ns  ((TSJ^2 + DJ^2)^1/2) / 2 + PE
    Total System Jitter     (TSJ):    0.050ns
    Discrete Jitter          (DJ):    0.163ns
    Phase Error              (PE):    0.114ns

    Location             Delay type                Incr(ns)  Path(ns)    Netlist Resource(s)
  -------------------------------------------------------------------    -------------------
                         (clock clk_sys rise edge)    0.000     0.000 r  
    E3                                                0.000     0.000 r  i_clk (IN)
                         net (fo=0)                   0.000     0.000    i_clk
    E3                   IBUF (Prop_ibuf_I_O)         1.482     1.482 r  i_clk_IBUF_inst/O
                         net (fo=1, routed)           1.233     2.715    i_clk_IBUF
    MMCME2_ADV_X1Y2      MMCME2_ADV (Prop_mmcme2_adv_CLKIN1_CLKOUT0)
                                                     -7.070    -4.355 r  u_mmcm/CLKOUT0
                         net (fo=1, routed)           1.719    -2.636    clk_sys_mmcm
    BUFGCTRL_X0Y16       BUFG (Prop_bufg_I_O)         0.096    -2.540 r  u_clk_sys_buf/O
                         net (fo=3365, routed)        1.633    -0.907    clk_sys
    SLICE_X46Y92         FDCE                                         r  game_green_q_reg[1]/C
  -------------------------------------------------------------------    -------------------
    SLICE_X46Y92         FDCE (Prop_fdce_C_Q)         0.518    -0.389 r  game_green_q_reg[1]/Q
                         net (fo=1, routed)           1.100     0.711    game_green_q[1]
    SLICE_X54Y93         LUT3 (Prop_lut3_I1_O)        0.152     0.863 r  o_vga_green_OBUF[1]_inst_i_1/O
                         net (fo=1, routed)           4.360     5.223    o_vga_green_OBUF[1]
    A5                   OBUF (Prop_obuf_I_O)         3.769     8.991 r  o_vga_green_OBUF[1]_inst/O
                         net (fo=0)                   0.000     8.991    o_vga_green[1]
    A5                                                                r  o_vga_green[1] (OUT)
  -------------------------------------------------------------------    -------------------

Slack:                    inf
  Source:                 game_green_q_reg[0]/C
                            (rising edge-triggered cell FDCE clocked by clk_sys  {rise@0.000ns fall@10.000ns period=20.000ns})
  Destination:            o_vga_green[0]
                            (output port)
  Path Group:             (none)
  Path Type:              Max at Slow Process Corner
  Data Path Delay:        9.811ns  (logic 4.118ns (41.976%)  route 5.693ns (58.024%))
  Logic Levels:           2  (LUT3=1 OBUF=1)
  Clock Uncertainty:      0.199ns  ((TSJ^2 + DJ^2)^1/2) / 2 + PE
    Total System Jitter     (TSJ):    0.050ns
    Discrete Jitter          (DJ):    0.163ns
    Phase Error              (PE):    0.114ns

    Location             Delay type                Incr(ns)  Path(ns)    Netlist Resource(s)
  -------------------------------------------------------------------    -------------------
                         (clock clk_sys rise edge)    0.000     0.000 r  
    E3                                                0.000     0.000 r  i_clk (IN)
                         net (fo=0)                   0.000     0.000    i_clk
    E3                   IBUF (Prop_ibuf_I_O)         1.482     1.482 r  i_clk_IBUF_inst/O
                         net (fo=1, routed)           1.233     2.715    i_clk_IBUF
    MMCME2_ADV_X1Y2      MMCME2_ADV (Prop_mmcme2_adv_CLKIN1_CLKOUT0)
                                                     -7.070    -4.355 r  u_mmcm/CLKOUT0
                         net (fo=1, routed)           1.719    -2.636    clk_sys_mmcm
    BUFGCTRL_X0Y16       BUFG (Prop_bufg_I_O)         0.096    -2.540 r  u_clk_sys_buf/O
                         net (fo=3365, routed)        1.633    -0.907    clk_sys
    SLICE_X45Y90         FDCE                                         r  game_green_q_reg[0]/C
  -------------------------------------------------------------------    -------------------
    SLICE_X45Y90         FDCE (Prop_fdce_C_Q)         0.456    -0.451 r  game_green_q_reg[0]/Q
                         net (fo=1, routed)           1.298     0.848    game_green_q[0]
    SLICE_X54Y93         LUT3 (Prop_lut3_I1_O)        0.124     0.972 r  o_vga_green_OBUF[0]_inst_i_1/O
                         net (fo=1, routed)           4.394     5.366    o_vga_green_OBUF[0]
    C6                   OBUF (Prop_obuf_I_O)         3.538     8.904 r  o_vga_green_OBUF[0]_inst/O
                         net (fo=0)                   0.000     8.904    o_vga_green[0]
    C6                                                                r  o_vga_green[0] (OUT)
  -------------------------------------------------------------------    -------------------

Slack:                    inf
  Source:                 game_blue_q_reg[0]/C
                            (rising edge-triggered cell FDCE clocked by clk_sys  {rise@0.000ns fall@10.000ns period=20.000ns})
  Destination:            o_vga_blue[0]
                            (output port)
  Path Group:             (none)
  Path Type:              Max at Slow Process Corner
  Data Path Delay:        9.768ns  (logic 4.355ns (44.583%)  route 5.413ns (55.417%))
  Logic Levels:           2  (LUT3=1 OBUF=1)
  Clock Uncertainty:      0.199ns  ((TSJ^2 + DJ^2)^1/2) / 2 + PE
    Total System Jitter     (TSJ):    0.050ns
    Discrete Jitter          (DJ):    0.163ns
    Phase Error              (PE):    0.114ns

    Location             Delay type                Incr(ns)  Path(ns)    Netlist Resource(s)
  -------------------------------------------------------------------    -------------------
                         (clock clk_sys rise edge)    0.000     0.000 r  
    E3                                                0.000     0.000 r  i_clk (IN)
                         net (fo=0)                   0.000     0.000    i_clk
    E3                   IBUF (Prop_ibuf_I_O)         1.482     1.482 r  i_clk_IBUF_inst/O
                         net (fo=1, routed)           1.233     2.715    i_clk_IBUF
    MMCME2_ADV_X1Y2      MMCME2_ADV (Prop_mmcme2_adv_CLKIN1_CLKOUT0)
                                                     -7.070    -4.355 r  u_mmcm/CLKOUT0
                         net (fo=1, routed)           1.719    -2.636    clk_sys_mmcm
    BUFGCTRL_X0Y16       BUFG (Prop_bufg_I_O)         0.096    -2.540 r  u_clk_sys_buf/O
                         net (fo=3365, routed)        1.633    -0.907    clk_sys
    SLICE_X48Y92         FDCE                                         r  game_blue_q_reg[0]/C
  -------------------------------------------------------------------    -------------------
    SLICE_X48Y92         FDCE (Prop_fdce_C_Q)         0.456    -0.451 r  game_blue_q_reg[0]/Q
                         net (fo=1, routed)           0.864     0.413    game_blue_q[0]
    SLICE_X55Y92         LUT3 (Prop_lut3_I1_O)        0.150     0.563 r  o_vga_blue_OBUF[0]_inst_i_1/O
                         net (fo=1, routed)           4.549     5.112    o_vga_blue_OBUF[0]
    B7                   OBUF (Prop_obuf_I_O)         3.749     8.861 r  o_vga_blue_OBUF[0]_inst/O
                         net (fo=0)                   0.000     8.861    o_vga_blue[0]
    B7                                                                r  o_vga_blue[0] (OUT)
  -------------------------------------------------------------------    -------------------

Slack:                    inf
  Source:                 game_blue_q_reg[3]/C
                            (rising edge-triggered cell FDCE clocked by clk_sys  {rise@0.000ns fall@10.000ns period=20.000ns})
  Destination:            o_vga_blue[3]
                            (output port)
  Path Group:             (none)
  Path Type:              Max at Slow Process Corner
  Data Path Delay:        9.745ns  (logic 4.358ns (44.717%)  route 5.387ns (55.283%))
  Logic Levels:           2  (LUT3=1 OBUF=1)
  Clock Uncertainty:      0.199ns  ((TSJ^2 + DJ^2)^1/2) / 2 + PE
    Total System Jitter     (TSJ):    0.050ns
    Discrete Jitter          (DJ):    0.163ns
    Phase Error              (PE):    0.114ns

    Location             Delay type                Incr(ns)  Path(ns)    Netlist Resource(s)
  -------------------------------------------------------------------    -------------------
                         (clock clk_sys rise edge)    0.000     0.000 r  
    E3                                                0.000     0.000 r  i_clk (IN)
                         net (fo=0)                   0.000     0.000    i_clk
    E3                   IBUF (Prop_ibuf_I_O)         1.482     1.482 r  i_clk_IBUF_inst/O
                         net (fo=1, routed)           1.233     2.715    i_clk_IBUF
    MMCME2_ADV_X1Y2      MMCME2_ADV (Prop_mmcme2_adv_CLKIN1_CLKOUT0)
                                                     -7.070    -4.355 r  u_mmcm/CLKOUT0
                         net (fo=1, routed)           1.719    -2.636    clk_sys_mmcm
    BUFGCTRL_X0Y16       BUFG (Prop_bufg_I_O)         0.096    -2.540 r  u_clk_sys_buf/O
                         net (fo=3365, routed)        1.633    -0.907    clk_sys
    SLICE_X45Y90         FDCE                                         r  game_blue_q_reg[3]/C
  -------------------------------------------------------------------    -------------------
    SLICE_X45Y90         FDCE (Prop_fdce_C_Q)         0.456    -0.451 r  game_blue_q_reg[3]/Q
                         net (fo=1, routed)           1.175     0.725    game_blue_q[3]
    SLICE_X54Y93         LUT3 (Prop_lut3_I1_O)        0.146     0.871 r  o_vga_blue_OBUF[3]_inst_i_1/O
                         net (fo=1, routed)           4.212     5.082    o_vga_blue_OBUF[3]
    D8                   OBUF (Prop_obuf_I_O)         3.756     8.838 r  o_vga_blue_OBUF[3]_inst/O
                         net (fo=0)                   0.000     8.838    o_vga_blue[3]
    D8                                                                r  o_vga_blue[3] (OUT)
  -------------------------------------------------------------------    -------------------

Slack:                    inf
  Source:                 overlay_en_q_reg/C
                            (rising edge-triggered cell FDCE clocked by clk_sys  {rise@0.000ns fall@10.000ns period=20.000ns})
  Destination:            o_vga_green[2]
                            (output port)
  Path Group:             (none)
  Path Type:              Max at Slow Process Corner
  Data Path Delay:        9.724ns  (logic 4.126ns (42.434%)  route 5.598ns (57.566%))
  Logic Levels:           2  (LUT3=1 OBUF=1)
  Clock Uncertainty:      0.199ns  ((TSJ^2 + DJ^2)^1/2) / 2 + PE
    Total System Jitter     (TSJ):    0.050ns
    Discrete Jitter          (DJ):    0.163ns
    Phase Error              (PE):    0.114ns

    Location             Delay type                Incr(ns)  Path(ns)    Netlist Resource(s)
  -------------------------------------------------------------------    -------------------
                         (clock clk_sys rise edge)    0.000     0.000 r  
    E3                                                0.000     0.000 r  i_clk (IN)
                         net (fo=0)                   0.000     0.000    i_clk
    E3                   IBUF (Prop_ibuf_I_O)         1.482     1.482 r  i_clk_IBUF_inst/O
                         net (fo=1, routed)           1.233     2.715    i_clk_IBUF
    MMCME2_ADV_X1Y2      MMCME2_ADV (Prop_mmcme2_adv_CLKIN1_CLKOUT0)
                                                     -7.070    -4.355 r  u_mmcm/CLKOUT0
                         net (fo=1, routed)           1.719    -2.636    clk_sys_mmcm
    BUFGCTRL_X0Y16       BUFG (Prop_bufg_I_O)         0.096    -2.540 r  u_clk_sys_buf/O
                         net (fo=3365, routed)        1.632    -0.908    clk_sys
    SLICE_X51Y93         FDCE                                         r  overlay_en_q_reg/C
  -------------------------------------------------------------------    -------------------
    SLICE_X51Y93         FDCE (Prop_fdce_C_Q)         0.456    -0.452 r  overlay_en_q_reg/Q
                         net (fo=12, routed)          1.123     0.671    overlay_en_q
    SLICE_X55Y94         LUT3 (Prop_lut3_I2_O)        0.124     0.795 r  o_vga_green_OBUF[2]_inst_i_1/O
                         net (fo=1, routed)           4.475     5.270    o_vga_green_OBUF[2]
    B6                   OBUF (Prop_obuf_I_O)         3.546     8.816 r  o_vga_green_OBUF[2]_inst/O
                         net (fo=0)                   0.000     8.816    o_vga_green[2]
    B6                                                                r  o_vga_green[2] (OUT)
  -------------------------------------------------------------------    -------------------

Slack:                    inf
  Source:                 game_red_q_reg[2]/C
                            (rising edge-triggered cell FDCE clocked by clk_sys  {rise@0.000ns fall@10.000ns period=20.000ns})
  Destination:            o_vga_red[2]
                            (output port)
  Path Group:             (none)
  Path Type:              Max at Slow Process Corner
  Data Path Delay:        9.711ns  (logic 4.177ns (43.016%)  route 5.533ns (56.984%))
  Logic Levels:           2  (LUT3=1 OBUF=1)
  Clock Uncertainty:      0.199ns  ((TSJ^2 + DJ^2)^1/2) / 2 + PE
    Total System Jitter     (TSJ):    0.050ns
    Discrete Jitter          (DJ):    0.163ns
    Phase Error              (PE):    0.114ns

    Location             Delay type                Incr(ns)  Path(ns)    Netlist Resource(s)
  -------------------------------------------------------------------    -------------------
                         (clock clk_sys rise edge)    0.000     0.000 r  
    E3                                                0.000     0.000 r  i_clk (IN)
                         net (fo=0)                   0.000     0.000    i_clk
    E3                   IBUF (Prop_ibuf_I_O)         1.482     1.482 r  i_clk_IBUF_inst/O
                         net (fo=1, routed)           1.233     2.715    i_clk_IBUF
    MMCME2_ADV_X1Y2      MMCME2_ADV (Prop_mmcme2_adv_CLKIN1_CLKOUT0)
                                                     -7.070    -4.355 r  u_mmcm/CLKOUT0
                         net (fo=1, routed)           1.719    -2.636    clk_sys_mmcm
    BUFGCTRL_X0Y16       BUFG (Prop_bufg_I_O)         0.096    -2.540 r  u_clk_sys_buf/O
                         net (fo=3365, routed)        1.633    -0.907    clk_sys
    SLICE_X46Y91         FDCE                                         r  game_red_q_reg[2]/C
  -------------------------------------------------------------------    -------------------
    SLICE_X46Y91         FDCE (Prop_fdce_C_Q)         0.518    -0.389 r  game_red_q_reg[2]/Q
                         net (fo=1, routed)           1.157     0.768    game_red_q[2]
    SLICE_X55Y94         LUT3 (Prop_lut3_I1_O)        0.124     0.892 r  o_vga_red_OBUF[2]_inst_i_1/O
                         net (fo=1, routed)           4.377     5.269    o_vga_red_OBUF[2]
    C5                   OBUF (Prop_obuf_I_O)         3.535     8.804 r  o_vga_red_OBUF[2]_inst/O
                         net (fo=0)                   0.000     8.804    o_vga_red[2]
    C5                                                                r  o_vga_red[2] (OUT)
  -------------------------------------------------------------------    -------------------

Slack:                    inf
  Source:                 game_red_q_reg[1]/C
                            (rising edge-triggered cell FDCE clocked by clk_sys  {rise@0.000ns fall@10.000ns period=20.000ns})
  Destination:            o_vga_red[1]
                            (output port)
  Path Group:             (none)
  Path Type:              Max at Slow Process Corner
  Data Path Delay:        9.680ns  (logic 4.416ns (45.622%)  route 5.264ns (54.378%))
  Logic Levels:           2  (LUT3=1 OBUF=1)
  Clock Uncertainty:      0.199ns  ((TSJ^2 + DJ^2)^1/2) / 2 + PE
    Total System Jitter     (TSJ):    0.050ns
    Discrete Jitter          (DJ):    0.163ns
    Phase Error              (PE):    0.114ns

    Location             Delay type                Incr(ns)  Path(ns)    Netlist Resource(s)
  -------------------------------------------------------------------    -------------------
                         (clock clk_sys rise edge)    0.000     0.000 r  
    E3                                                0.000     0.000 r  i_clk (IN)
                         net (fo=0)                   0.000     0.000    i_clk
    E3                   IBUF (Prop_ibuf_I_O)         1.482     1.482 r  i_clk_IBUF_inst/O
                         net (fo=1, routed)           1.233     2.715    i_clk_IBUF
    MMCME2_ADV_X1Y2      MMCME2_ADV (Prop_mmcme2_adv_CLKIN1_CLKOUT0)
                                                     -7.070    -4.355 r  u_mmcm/CLKOUT0
                         net (fo=1, routed)           1.719    -2.636    clk_sys_mmcm
    BUFGCTRL_X0Y16       BUFG (Prop_bufg_I_O)         0.096    -2.540 r  u_clk_sys_buf/O
                         net (fo=3365, routed)        1.633    -0.907    clk_sys
    SLICE_X46Y91         FDCE                                         r  game_red_q_reg[1]/C
  -------------------------------------------------------------------    -------------------
    SLICE_X46Y91         FDCE (Prop_fdce_C_Q)         0.518    -0.389 r  game_red_q_reg[1]/Q
                         net (fo=1, routed)           1.120     0.731    game_red_q[1]
    SLICE_X54Y92         LUT3 (Prop_lut3_I1_O)        0.146     0.877 r  o_vga_red_OBUF[1]_inst_i_1/O
                         net (fo=1, routed)           4.144     5.021    o_vga_red_OBUF[1]
    B4                   OBUF (Prop_obuf_I_O)         3.752     8.773 r  o_vga_red_OBUF[1]_inst/O
                         net (fo=0)                   0.000     8.773    o_vga_red[1]
    B4                                                                r  o_vga_red[1] (OUT)
  -------------------------------------------------------------------    -------------------

Slack:                    inf
  Source:                 game_blue_q_reg[1]/C
                            (rising edge-triggered cell FDCE clocked by clk_sys  {rise@0.000ns fall@10.000ns period=20.000ns})
  Destination:            o_vga_blue[1]
                            (output port)
  Path Group:             (none)
  Path Type:              Max at Slow Process Corner
  Data Path Delay:        9.652ns  (logic 4.193ns (43.443%)  route 5.459ns (56.557%))
  Logic Levels:           2  (LUT3=1 OBUF=1)
  Clock Uncertainty:      0.199ns  ((TSJ^2 + DJ^2)^1/2) / 2 + PE
    Total System Jitter     (TSJ):    0.050ns
    Discrete Jitter          (DJ):    0.163ns
    Phase Error              (PE):    0.114ns

    Location             Delay type                Incr(ns)  Path(ns)    Netlist Resource(s)
  -------------------------------------------------------------------    -------------------
                         (clock clk_sys rise edge)    0.000     0.000 r  
    E3                                                0.000     0.000 r  i_clk (IN)
                         net (fo=0)                   0.000     0.000    i_clk
    E3                   IBUF (Prop_ibuf_I_O)         1.482     1.482 r  i_clk_IBUF_inst/O
                         net (fo=1, routed)           1.233     2.715    i_clk_IBUF
    MMCME2_ADV_X1Y2      MMCME2_ADV (Prop_mmcme2_adv_CLKIN1_CLKOUT0)
                                                     -7.070    -4.355 r  u_mmcm/CLKOUT0
                         net (fo=1, routed)           1.719    -2.636    clk_sys_mmcm
    BUFGCTRL_X0Y16       BUFG (Prop_bufg_I_O)         0.096    -2.540 r  u_clk_sys_buf/O
                         net (fo=3365, routed)        1.633    -0.907    clk_sys
    SLICE_X46Y92         FDCE                                         r  game_blue_q_reg[1]/C
  -------------------------------------------------------------------    -------------------
    SLICE_X46Y92         FDCE (Prop_fdce_C_Q)         0.518    -0.389 r  game_blue_q_reg[1]/Q
                         net (fo=1, routed)           1.121     0.732    game_blue_q[1]
    SLICE_X55Y92         LUT3 (Prop_lut3_I1_O)        0.124     0.856 r  o_vga_blue_OBUF[1]_inst_i_1/O
                         net (fo=1, routed)           4.338     5.194    o_vga_blue_OBUF[1]
    C7                   OBUF (Prop_obuf_I_O)         3.551     8.746 r  o_vga_blue_OBUF[1]_inst/O
                         net (fo=0)                   0.000     8.746    o_vga_blue[1]
    C7                                                                r  o_vga_blue[1] (OUT)
  -------------------------------------------------------------------    -------------------

Slack:                    inf
  Source:                 game_red_q_reg[3]/C
                            (rising edge-triggered cell FDCE clocked by clk_sys  {rise@0.000ns fall@10.000ns period=20.000ns})
  Destination:            o_vga_red[3]
                            (output port)
  Path Group:             (none)
  Path Type:              Max at Slow Process Corner
  Data Path Delay:        9.502ns  (logic 4.366ns (45.942%)  route 5.137ns (54.058%))
  Logic Levels:           2  (LUT3=1 OBUF=1)
  Clock Uncertainty:      0.199ns  ((TSJ^2 + DJ^2)^1/2) / 2 + PE
    Total System Jitter     (TSJ):    0.050ns
    Discrete Jitter          (DJ):    0.163ns
    Phase Error              (PE):    0.114ns

    Location             Delay type                Incr(ns)  Path(ns)    Netlist Resource(s)
  -------------------------------------------------------------------    -------------------
                         (clock clk_sys rise edge)    0.000     0.000 r  
    E3                                                0.000     0.000 r  i_clk (IN)
                         net (fo=0)                   0.000     0.000    i_clk
    E3                   IBUF (Prop_ibuf_I_O)         1.482     1.482 r  i_clk_IBUF_inst/O
                         net (fo=1, routed)           1.233     2.715    i_clk_IBUF
    MMCME2_ADV_X1Y2      MMCME2_ADV (Prop_mmcme2_adv_CLKIN1_CLKOUT0)
                                                     -7.070    -4.355 r  u_mmcm/CLKOUT0
                         net (fo=1, routed)           1.719    -2.636    clk_sys_mmcm
    BUFGCTRL_X0Y16       BUFG (Prop_bufg_I_O)         0.096    -2.540 r  u_clk_sys_buf/O
                         net (fo=3365, routed)        1.633    -0.907    clk_sys
    SLICE_X45Y90         FDCE                                         r  game_red_q_reg[3]/C
  -------------------------------------------------------------------    -------------------
    SLICE_X45Y90         FDCE (Prop_fdce_C_Q)         0.456    -0.451 r  game_red_q_reg[3]/Q
                         net (fo=1, routed)           1.045     0.594    game_red_q[3]
    SLICE_X55Y94         LUT3 (Prop_lut3_I1_O)        0.150     0.744 r  o_vga_red_OBUF[3]_inst_i_1/O
                         net (fo=1, routed)           4.092     4.836    o_vga_red_OBUF[3]
    A4                   OBUF (Prop_obuf_I_O)         3.760     8.596 r  o_vga_red_OBUF[3]_inst/O
                         net (fo=0)                   0.000     8.596    o_vga_red[3]
    A4                                                                r  o_vga_red[3] (OUT)
  -------------------------------------------------------------------    -------------------





Min Delay Paths
--------------------------------------------------------------------------------------
Slack:                    inf
  Source:                 vga_vsync_q_reg/C
                            (rising edge-triggered cell FDPE clocked by clk_sys  {rise@0.000ns fall@10.000ns period=20.000ns})
  Destination:            o_vga_vsync
                            (output port)
  Path Group:             (none)
  Path Type:              Min at Fast Process Corner
  Data Path Delay:        2.688ns  (logic 1.407ns (52.344%)  route 1.281ns (47.656%))
  Logic Levels:           1  (OBUF=1)
  Clock Uncertainty:      0.199ns  ((TSJ^2 + DJ^2)^1/2) / 2 + PE
    Total System Jitter     (TSJ):    0.050ns
    Discrete Jitter          (DJ):    0.163ns
    Phase Error              (PE):    0.114ns

    Location             Delay type                Incr(ns)  Path(ns)    Netlist Resource(s)
  -------------------------------------------------------------------    -------------------
                         (clock clk_sys rise edge)    0.000     0.000 r  
    E3                                                0.000     0.000 r  i_clk (IN)
                         net (fo=0)                   0.000     0.000    i_clk
    E3                   IBUF (Prop_ibuf_I_O)         0.250     0.250 r  i_clk_IBUF_inst/O
                         net (fo=1, routed)           0.440     0.690    i_clk_IBUF
    MMCME2_ADV_X1Y2      MMCME2_ADV (Prop_mmcme2_adv_CLKIN1_CLKOUT0)
                                                     -2.379    -1.689 r  u_mmcm/CLKOUT0
                         net (fo=1, routed)           0.499    -1.190    clk_sys_mmcm
    BUFGCTRL_X0Y16       BUFG (Prop_bufg_I_O)         0.026    -1.164 r  u_clk_sys_buf/O
                         net (fo=3365, routed)        0.571    -0.593    clk_sys
    SLICE_X32Y96         FDPE                                         r  vga_vsync_q_reg/C
  -------------------------------------------------------------------    -------------------
    SLICE_X32Y96         FDPE (Prop_fdpe_C_Q)         0.141    -0.452 r  vga_vsync_q_reg/Q
                         net (fo=1, routed)           1.281     0.829    o_vga_vsync_OBUF
    B12                  OBUF (Prop_obuf_I_O)         1.266     2.094 r  o_vga_vsync_OBUF_inst/O
                         net (fo=0)                   0.000     2.094    o_vga_vsync
    B12                                                               r  o_vga_vsync (OUT)
  -------------------------------------------------------------------    -------------------

Slack:                    inf
  Source:                 vga_hsync_q_reg/C
                            (rising edge-triggered cell FDPE clocked by clk_sys  {rise@0.000ns fall@10.000ns period=20.000ns})
  Destination:            o_vga_hsync
                            (output port)
  Path Group:             (none)
  Path Type:              Min at Fast Process Corner
  Data Path Delay:        2.716ns  (logic 1.406ns (51.774%)  route 1.310ns (48.226%))
  Logic Levels:           1  (OBUF=1)
  Clock Uncertainty:      0.199ns  ((TSJ^2 + DJ^2)^1/2) / 2 + PE
    Total System Jitter     (TSJ):    0.050ns
    Discrete Jitter          (DJ):    0.163ns
    Phase Error              (PE):    0.114ns

    Location             Delay type                Incr(ns)  Path(ns)    Netlist Resource(s)
  -------------------------------------------------------------------    -------------------
                         (clock clk_sys rise edge)    0.000     0.000 r  
    E3                                                0.000     0.000 r  i_clk (IN)
                         net (fo=0)                   0.000     0.000    i_clk
    E3                   IBUF (Prop_ibuf_I_O)         0.250     0.250 r  i_clk_IBUF_inst/O
                         net (fo=1, routed)           0.440     0.690    i_clk_IBUF
    MMCME2_ADV_X1Y2      MMCME2_ADV (Prop_mmcme2_adv_CLKIN1_CLKOUT0)
                                                     -2.379    -1.689 r  u_mmcm/CLKOUT0
                         net (fo=1, routed)           0.499    -1.190    clk_sys_mmcm
    BUFGCTRL_X0Y16       BUFG (Prop_bufg_I_O)         0.026    -1.164 r  u_clk_sys_buf/O
                         net (fo=3365, routed)        0.571    -0.593    clk_sys
    SLICE_X32Y95         FDPE                                         r  vga_hsync_q_reg/C
  -------------------------------------------------------------------    -------------------
    SLICE_X32Y95         FDPE (Prop_fdpe_C_Q)         0.141    -0.452 r  vga_hsync_q_reg/Q
                         net (fo=1, routed)           1.310     0.857    o_vga_hsync_OBUF
    B11                  OBUF (Prop_obuf_I_O)         1.265     2.122 r  o_vga_hsync_OBUF_inst/O
                         net (fo=0)                   0.000     2.122    o_vga_hsync
    B11                                                               r  o_vga_hsync (OUT)
  -------------------------------------------------------------------    -------------------

Slack:                    inf
  Source:                 overlay_green_q_reg[0]/C
                            (rising edge-triggered cell FDCE clocked by clk_sys  {rise@0.000ns fall@10.000ns period=20.000ns})
  Destination:            o_vga_green[0]
                            (output port)
  Path Group:             (none)
  Path Type:              Min at Fast Process Corner
  Data Path Delay:        3.187ns  (logic 1.425ns (44.708%)  route 1.762ns (55.292%))
  Logic Levels:           2  (LUT3=1 OBUF=1)
  Clock Uncertainty:      0.199ns  ((TSJ^2 + DJ^2)^1/2) / 2 + PE
    Total System Jitter     (TSJ):    0.050ns
    Discrete Jitter          (DJ):    0.163ns
    Phase Error              (PE):    0.114ns

    Location             Delay type                Incr(ns)  Path(ns)    Netlist Resource(s)
  -------------------------------------------------------------------    -------------------
                         (clock clk_sys rise edge)    0.000     0.000 r  
    E3                                                0.000     0.000 r  i_clk (IN)
                         net (fo=0)                   0.000     0.000    i_clk
    E3                   IBUF (Prop_ibuf_I_O)         0.250     0.250 r  i_clk_IBUF_inst/O
                         net (fo=1, routed)           0.440     0.690    i_clk_IBUF
    MMCME2_ADV_X1Y2      MMCME2_ADV (Prop_mmcme2_adv_CLKIN1_CLKOUT0)
                                                     -2.379    -1.689 r  u_mmcm/CLKOUT0
                         net (fo=1, routed)           0.499    -1.190    clk_sys_mmcm
    BUFGCTRL_X0Y16       BUFG (Prop_bufg_I_O)         0.026    -1.164 r  u_clk_sys_buf/O
                         net (fo=3365, routed)        0.564    -0.600    clk_sys
    SLICE_X55Y93         FDCE                                         r  overlay_green_q_reg[0]/C
  -------------------------------------------------------------------    -------------------
    SLICE_X55Y93         FDCE (Prop_fdce_C_Q)         0.141    -0.459 r  overlay_green_q_reg[0]/Q
                         net (fo=1, routed)           0.091    -0.368    overlay_green_q[0]
    SLICE_X54Y93         LUT3 (Prop_lut3_I0_O)        0.045    -0.323 r  o_vga_green_OBUF[0]_inst_i_1/O
                         net (fo=1, routed)           1.671     1.348    o_vga_green_OBUF[0]
    C6                   OBUF (Prop_obuf_I_O)         1.239     2.587 r  o_vga_green_OBUF[0]_inst/O
                         net (fo=0)                   0.000     2.587    o_vga_green[0]
    C6                                                                r  o_vga_green[0] (OUT)
  -------------------------------------------------------------------    -------------------

Slack:                    inf
  Source:                 overlay_en_q_reg/C
                            (rising edge-triggered cell FDCE clocked by clk_sys  {rise@0.000ns fall@10.000ns period=20.000ns})
  Destination:            o_vga_blue[2]
                            (output port)
  Path Group:             (none)
  Path Type:              Min at Fast Process Corner
  Data Path Delay:        3.253ns  (logic 1.410ns (43.358%)  route 1.842ns (56.642%))
  Logic Levels:           2  (LUT3=1 OBUF=1)
  Clock Uncertainty:      0.199ns  ((TSJ^2 + DJ^2)^1/2) / 2 + PE
    Total System Jitter     (TSJ):    0.050ns
    Discrete Jitter          (DJ):    0.163ns
    Phase Error              (PE):    0.114ns

    Location             Delay type                Incr(ns)  Path(ns)    Netlist Resource(s)
  -------------------------------------------------------------------    -------------------
                         (clock clk_sys rise edge)    0.000     0.000 r  
    E3                                                0.000     0.000 r  i_clk (IN)
                         net (fo=0)                   0.000     0.000    i_clk
    E3                   IBUF (Prop_ibuf_I_O)         0.250     0.250 r  i_clk_IBUF_inst/O
                         net (fo=1, routed)           0.440     0.690    i_clk_IBUF
    MMCME2_ADV_X1Y2      MMCME2_ADV (Prop_mmcme2_adv_CLKIN1_CLKOUT0)
                                                     -2.379    -1.689 r  u_mmcm/CLKOUT0
                         net (fo=1, routed)           0.499    -1.190    clk_sys_mmcm
    BUFGCTRL_X0Y16       BUFG (Prop_bufg_I_O)         0.026    -1.164 r  u_clk_sys_buf/O
                         net (fo=3365, routed)        0.565    -0.599    clk_sys
    SLICE_X51Y93         FDCE                                         r  overlay_en_q_reg/C
  -------------------------------------------------------------------    -------------------
    SLICE_X51Y93         FDCE (Prop_fdce_C_Q)         0.141    -0.458 r  overlay_en_q_reg/Q
                         net (fo=12, routed)          0.280    -0.178    overlay_en_q
    SLICE_X54Y93         LUT3 (Prop_lut3_I2_O)        0.045    -0.133 r  o_vga_blue_OBUF[2]_inst_i_1/O
                         net (fo=1, routed)           1.563     1.429    o_vga_blue_OBUF[2]
    D7                   OBUF (Prop_obuf_I_O)         1.224     2.654 r  o_vga_blue_OBUF[2]_inst/O
                         net (fo=0)                   0.000     2.654    o_vga_blue[2]
    D7                                                                r  o_vga_blue[2] (OUT)
  -------------------------------------------------------------------    -------------------

Slack:                    inf
  Source:                 overlay_green_q_reg[2]/C
                            (rising edge-triggered cell FDCE clocked by clk_sys  {rise@0.000ns fall@10.000ns period=20.000ns})
  Destination:            o_vga_green[2]
                            (output port)
  Path Group:             (none)
  Path Type:              Min at Fast Process Corner
  Data Path Delay:        3.264ns  (logic 1.433ns (43.902%)  route 1.831ns (56.098%))
  Logic Levels:           2  (LUT3=1 OBUF=1)
  Clock Uncertainty:      0.199ns  ((TSJ^2 + DJ^2)^1/2) / 2 + PE
    Total System Jitter     (TSJ):    0.050ns
    Discrete Jitter          (DJ):    0.163ns
    Phase Error              (PE):    0.114ns

    Location             Delay type                Incr(ns)  Path(ns)    Netlist Resource(s)
  -------------------------------------------------------------------    -------------------
                         (clock clk_sys rise edge)    0.000     0.000 r  
    E3                                                0.000     0.000 r  i_clk (IN)
                         net (fo=0)                   0.000     0.000    i_clk
    E3                   IBUF (Prop_ibuf_I_O)         0.250     0.250 r  i_clk_IBUF_inst/O
                         net (fo=1, routed)           0.440     0.690    i_clk_IBUF
    MMCME2_ADV_X1Y2      MMCME2_ADV (Prop_mmcme2_adv_CLKIN1_CLKOUT0)
                                                     -2.379    -1.689 r  u_mmcm/CLKOUT0
                         net (fo=1, routed)           0.499    -1.190    clk_sys_mmcm
    BUFGCTRL_X0Y16       BUFG (Prop_bufg_I_O)         0.026    -1.164 r  u_clk_sys_buf/O
                         net (fo=3365, routed)        0.564    -0.600    clk_sys
    SLICE_X55Y93         FDCE                                         r  overlay_green_q_reg[2]/C
  -------------------------------------------------------------------    -------------------
    SLICE_X55Y93         FDCE (Prop_fdce_C_Q)         0.141    -0.459 r  overlay_green_q_reg[2]/Q
                         net (fo=1, routed)           0.136    -0.323    overlay_green_q[2]
    SLICE_X55Y94         LUT3 (Prop_lut3_I0_O)        0.045    -0.278 r  o_vga_green_OBUF[2]_inst_i_1/O
                         net (fo=1, routed)           1.695     1.417    o_vga_green_OBUF[2]
    B6                   OBUF (Prop_obuf_I_O)         1.247     2.664 r  o_vga_green_OBUF[2]_inst/O
                         net (fo=0)                   0.000     2.664    o_vga_green[2]
    B6                                                                r  o_vga_green[2] (OUT)
  -------------------------------------------------------------------    -------------------

Slack:                    inf
  Source:                 overlay_red_q_reg[0]/C
                            (rising edge-triggered cell FDCE clocked by clk_sys  {rise@0.000ns fall@10.000ns period=20.000ns})
  Destination:            o_vga_red[0]
                            (output port)
  Path Group:             (none)
  Path Type:              Min at Fast Process Corner
  Data Path Delay:        3.283ns  (logic 1.463ns (44.581%)  route 1.819ns (55.419%))
  Logic Levels:           2  (LUT3=1 OBUF=1)
  Clock Uncertainty:      0.199ns  ((TSJ^2 + DJ^2)^1/2) / 2 + PE
    Total System Jitter     (TSJ):    0.050ns
    Discrete Jitter          (DJ):    0.163ns
    Phase Error              (PE):    0.114ns

    Location             Delay type                Incr(ns)  Path(ns)    Netlist Resource(s)
  -------------------------------------------------------------------    -------------------
                         (clock clk_sys rise edge)    0.000     0.000 r  
    E3                                                0.000     0.000 r  i_clk (IN)
                         net (fo=0)                   0.000     0.000    i_clk
    E3                   IBUF (Prop_ibuf_I_O)         0.250     0.250 r  i_clk_IBUF_inst/O
                         net (fo=1, routed)           0.440     0.690    i_clk_IBUF
    MMCME2_ADV_X1Y2      MMCME2_ADV (Prop_mmcme2_adv_CLKIN1_CLKOUT0)
                                                     -2.379    -1.689 r  u_mmcm/CLKOUT0
                         net (fo=1, routed)           0.499    -1.190    clk_sys_mmcm
    BUFGCTRL_X0Y16       BUFG (Prop_bufg_I_O)         0.026    -1.164 r  u_clk_sys_buf/O
                         net (fo=3365, routed)        0.564    -0.600    clk_sys
    SLICE_X56Y92         FDCE                                         r  overlay_red_q_reg[0]/C
  -------------------------------------------------------------------    -------------------
    SLICE_X56Y92         FDCE (Prop_fdce_C_Q)         0.164    -0.436 r  overlay_red_q_reg[0]/Q
                         net (fo=1, routed)           0.223    -0.214    overlay_red_q[0]
    SLICE_X54Y92         LUT3 (Prop_lut3_I0_O)        0.045    -0.169 r  o_vga_red_OBUF[0]_inst_i_1/O
                         net (fo=1, routed)           1.596     1.428    o_vga_red_OBUF[0]
    A3                   OBUF (Prop_obuf_I_O)         1.254     2.682 r  o_vga_red_OBUF[0]_inst/O
                         net (fo=0)                   0.000     2.682    o_vga_red[0]
    A3                                                                r  o_vga_red[0] (OUT)
  -------------------------------------------------------------------    -------------------

Slack:                    inf
  Source:                 overlay_blue_q_reg[1]/C
                            (rising edge-triggered cell FDCE clocked by clk_sys  {rise@0.000ns fall@10.000ns period=20.000ns})
  Destination:            o_vga_blue[1]
                            (output port)
  Path Group:             (none)
  Path Type:              Min at Fast Process Corner
  Data Path Delay:        3.300ns  (logic 1.438ns (43.570%)  route 1.862ns (56.430%))
  Logic Levels:           2  (LUT3=1 OBUF=1)
  Clock Uncertainty:      0.199ns  ((TSJ^2 + DJ^2)^1/2) / 2 + PE
    Total System Jitter     (TSJ):    0.050ns
    Discrete Jitter          (DJ):    0.163ns
    Phase Error              (PE):    0.114ns

    Location             Delay type                Incr(ns)  Path(ns)    Netlist Resource(s)
  -------------------------------------------------------------------    -------------------
                         (clock clk_sys rise edge)    0.000     0.000 r  
    E3                                                0.000     0.000 r  i_clk (IN)
                         net (fo=0)                   0.000     0.000    i_clk
    E3                   IBUF (Prop_ibuf_I_O)         0.250     0.250 r  i_clk_IBUF_inst/O
                         net (fo=1, routed)           0.440     0.690    i_clk_IBUF
    MMCME2_ADV_X1Y2      MMCME2_ADV (Prop_mmcme2_adv_CLKIN1_CLKOUT0)
                                                     -2.379    -1.689 r  u_mmcm/CLKOUT0
                         net (fo=1, routed)           0.499    -1.190    clk_sys_mmcm
    BUFGCTRL_X0Y16       BUFG (Prop_bufg_I_O)         0.026    -1.164 r  u_clk_sys_buf/O
                         net (fo=3365, routed)        0.563    -0.601    clk_sys
    SLICE_X55Y92         FDCE                                         r  overlay_blue_q_reg[1]/C
  -------------------------------------------------------------------    -------------------
    SLICE_X55Y92         FDCE (Prop_fdce_C_Q)         0.141    -0.460 r  overlay_blue_q_reg[1]/Q
                         net (fo=1, routed)           0.216    -0.244    overlay_blue_q[1]
    SLICE_X55Y92         LUT3 (Prop_lut3_I0_O)        0.045    -0.199 r  o_vga_blue_OBUF[1]_inst_i_1/O
                         net (fo=1, routed)           1.646     1.447    o_vga_blue_OBUF[1]
    C7                   OBUF (Prop_obuf_I_O)         1.252     2.699 r  o_vga_blue_OBUF[1]_inst/O
                         net (fo=0)                   0.000     2.699    o_vga_blue[1]
    C7                                                                r  o_vga_blue[1] (OUT)
  -------------------------------------------------------------------    -------------------

Slack:                    inf
  Source:                 overlay_en_q_reg/C
                            (rising edge-triggered cell FDCE clocked by clk_sys  {rise@0.000ns fall@10.000ns period=20.000ns})
  Destination:            o_vga_red[3]
                            (output port)
  Path Group:             (none)
  Path Type:              Min at Fast Process Corner
  Data Path Delay:        3.334ns  (logic 1.503ns (45.092%)  route 1.830ns (54.908%))
  Logic Levels:           2  (LUT3=1 OBUF=1)
  Clock Uncertainty:      0.199ns  ((TSJ^2 + DJ^2)^1/2) / 2 + PE
    Total System Jitter     (TSJ):    0.050ns
    Discrete Jitter          (DJ):    0.163ns
    Phase Error              (PE):    0.114ns

    Location             Delay type                Incr(ns)  Path(ns)    Netlist Resource(s)
  -------------------------------------------------------------------    -------------------
                         (clock clk_sys rise edge)    0.000     0.000 r  
    E3                                                0.000     0.000 r  i_clk (IN)
                         net (fo=0)                   0.000     0.000    i_clk
    E3                   IBUF (Prop_ibuf_I_O)         0.250     0.250 r  i_clk_IBUF_inst/O
                         net (fo=1, routed)           0.440     0.690    i_clk_IBUF
    MMCME2_ADV_X1Y2      MMCME2_ADV (Prop_mmcme2_adv_CLKIN1_CLKOUT0)
                                                     -2.379    -1.689 r  u_mmcm/CLKOUT0
                         net (fo=1, routed)           0.499    -1.190    clk_sys_mmcm
    BUFGCTRL_X0Y16       BUFG (Prop_bufg_I_O)         0.026    -1.164 r  u_clk_sys_buf/O
                         net (fo=3365, routed)        0.565    -0.599    clk_sys
    SLICE_X51Y93         FDCE                                         r  overlay_en_q_reg/C
  -------------------------------------------------------------------    -------------------
    SLICE_X51Y93         FDCE (Prop_fdce_C_Q)         0.141    -0.458 r  overlay_en_q_reg/Q
                         net (fo=12, routed)          0.286    -0.173    overlay_en_q
    SLICE_X55Y94         LUT3 (Prop_lut3_I2_O)        0.043    -0.130 r  o_vga_red_OBUF[3]_inst_i_1/O
                         net (fo=1, routed)           1.545     1.415    o_vga_red_OBUF[3]
    A4                   OBUF (Prop_obuf_I_O)         1.319     2.734 r  o_vga_red_OBUF[3]_inst/O
                         net (fo=0)                   0.000     2.734    o_vga_red[3]
    A4                                                                r  o_vga_red[3] (OUT)
  -------------------------------------------------------------------    -------------------

Slack:                    inf
  Source:                 overlay_red_q_reg[2]/C
                            (rising edge-triggered cell FDCE clocked by clk_sys  {rise@0.000ns fall@10.000ns period=20.000ns})
  Destination:            o_vga_red[2]
                            (output port)
  Path Group:             (none)
  Path Type:              Min at Fast Process Corner
  Data Path Delay:        3.338ns  (logic 1.445ns (43.291%)  route 1.893ns (56.709%))
  Logic Levels:           2  (LUT3=1 OBUF=1)
  Clock Uncertainty:      0.199ns  ((TSJ^2 + DJ^2)^1/2) / 2 + PE
    Total System Jitter     (TSJ):    0.050ns
    Discrete Jitter          (DJ):    0.163ns
    Phase Error              (PE):    0.114ns

    Location             Delay type                Incr(ns)  Path(ns)    Netlist Resource(s)
  -------------------------------------------------------------------    -------------------
                         (clock clk_sys rise edge)    0.000     0.000 r  
    E3                                                0.000     0.000 r  i_clk (IN)
                         net (fo=0)                   0.000     0.000    i_clk
    E3                   IBUF (Prop_ibuf_I_O)         0.250     0.250 r  i_clk_IBUF_inst/O
                         net (fo=1, routed)           0.440     0.690    i_clk_IBUF
    MMCME2_ADV_X1Y2      MMCME2_ADV (Prop_mmcme2_adv_CLKIN1_CLKOUT0)
                                                     -2.379    -1.689 r  u_mmcm/CLKOUT0
                         net (fo=1, routed)           0.499    -1.190    clk_sys_mmcm
    BUFGCTRL_X0Y16       BUFG (Prop_bufg_I_O)         0.026    -1.164 r  u_clk_sys_buf/O
                         net (fo=3365, routed)        0.564    -0.600    clk_sys
    SLICE_X56Y92         FDCE                                         r  overlay_red_q_reg[2]/C
  -------------------------------------------------------------------    -------------------
    SLICE_X56Y92         FDCE (Prop_fdce_C_Q)         0.164    -0.436 r  overlay_red_q_reg[2]/Q
                         net (fo=1, routed)           0.232    -0.204    overlay_red_q[2]
    SLICE_X55Y94         LUT3 (Prop_lut3_I0_O)        0.045    -0.159 r  o_vga_red_OBUF[2]_inst_i_1/O
                         net (fo=1, routed)           1.661     1.502    o_vga_red_OBUF[2]
    C5                   OBUF (Prop_obuf_I_O)         1.236     2.738 r  o_vga_red_OBUF[2]_inst/O
                         net (fo=0)                   0.000     2.738    o_vga_red[2]
    C5                                                                r  o_vga_red[2] (OUT)
  -------------------------------------------------------------------    -------------------

Slack:                    inf
  Source:                 overlay_green_q_reg[3]/C
                            (rising edge-triggered cell FDCE clocked by clk_sys  {rise@0.000ns fall@10.000ns period=20.000ns})
  Destination:            o_vga_green[3]
                            (output port)
  Path Group:             (none)
  Path Type:              Min at Fast Process Corner
  Data Path Delay:        3.386ns  (logic 1.519ns (44.867%)  route 1.867ns (55.133%))
  Logic Levels:           2  (LUT3=1 OBUF=1)
  Clock Uncertainty:      0.199ns  ((TSJ^2 + DJ^2)^1/2) / 2 + PE
    Total System Jitter     (TSJ):    0.050ns
    Discrete Jitter          (DJ):    0.163ns
    Phase Error              (PE):    0.114ns

    Location             Delay type                Incr(ns)  Path(ns)    Netlist Resource(s)
  -------------------------------------------------------------------    -------------------
                         (clock clk_sys rise edge)    0.000     0.000 r  
    E3                                                0.000     0.000 r  i_clk (IN)
                         net (fo=0)                   0.000     0.000    i_clk
    E3                   IBUF (Prop_ibuf_I_O)         0.250     0.250 r  i_clk_IBUF_inst/O
                         net (fo=1, routed)           0.440     0.690    i_clk_IBUF
    MMCME2_ADV_X1Y2      MMCME2_ADV (Prop_mmcme2_adv_CLKIN1_CLKOUT0)
                                                     -2.379    -1.689 r  u_mmcm/CLKOUT0
                         net (fo=1, routed)           0.499    -1.190    clk_sys_mmcm
    BUFGCTRL_X0Y16       BUFG (Prop_bufg_I_O)         0.026    -1.164 r  u_clk_sys_buf/O
                         net (fo=3365, routed)        0.565    -0.599    clk_sys
    SLICE_X56Y93         FDCE                                         r  overlay_green_q_reg[3]/C
  -------------------------------------------------------------------    -------------------
    SLICE_X56Y93         FDCE (Prop_fdce_C_Q)         0.164    -0.435 r  overlay_green_q_reg[3]/Q
                         net (fo=1, routed)           0.194    -0.241    overlay_green_q[3]
    SLICE_X55Y94         LUT3 (Prop_lut3_I0_O)        0.046    -0.195 r  o_vga_green_OBUF[3]_inst_i_1/O
                         net (fo=1, routed)           1.672     1.478    o_vga_green_OBUF[3]
    A6                   OBUF (Prop_obuf_I_O)         1.309     2.787 r  o_vga_green_OBUF[3]_inst/O
                         net (fo=0)                   0.000     2.787    o_vga_green[3]
    A6                                                                r  o_vga_green[3] (OUT)
  -------------------------------------------------------------------    -------------------





--------------------------------------------------------------------------------------
Path Group:  (none)
From Clock:  
  To Clock:  clk_sys

Max Delay             7 Endpoints
Min Delay             7 Endpoints
--------------------------------------------------------------------------------------


Max Delay Paths
--------------------------------------------------------------------------------------
Slack:                    inf
  Source:                 i_pmod_btn_left
                            (input port)
  Destination:            u_input_controller/db_left/sync_0_reg/D
                            (rising edge-triggered cell FDRE clocked by clk_sys  {rise@0.000ns fall@10.000ns period=20.000ns})
  Path Group:             (none)
  Path Type:              Setup (Max at Slow Process Corner)
  Data Path Delay:        4.590ns  (logic 1.634ns (35.605%)  route 2.956ns (64.395%))
  Logic Levels:           2  (IBUF=1 LUT2=1)
  Clock Path Skew:        -1.507ns (DCD - SCD + CPR)
    Destination Clock Delay (DCD):    -1.507ns
    Source Clock Delay      (SCD):    0.000ns
    Clock Pessimism Removal (CPR):    0.000ns
  Clock Uncertainty:      0.199ns  ((TSJ^2 + DJ^2)^1/2) / 2 + PE
    Total System Jitter     (TSJ):    0.050ns
    Discrete Jitter          (DJ):    0.163ns
    Phase Error              (PE):    0.114ns

    Location             Delay type                Incr(ns)  Path(ns)    Netlist Resource(s)
  -------------------------------------------------------------------    -------------------
    C17                                               0.000     0.000 f  i_pmod_btn_left (IN)
                         net (fo=0)                   0.000     0.000    i_pmod_btn_left
    C17                  IBUF (Prop_ibuf_I_O)         1.510     1.510 f  i_pmod_btn_left_IBUF_inst/O
                         net (fo=1, routed)           2.956     4.466    u_input_controller/db_left/i_pmod_btn_left_IBUF
    SLICE_X28Y82         LUT2 (Prop_lut2_I1_O)        0.124     4.590 r  u_input_controller/db_left/sync_0_i_1/O
                         net (fo=1, routed)           0.000     4.590    u_input_controller/db_left/btn_left_level
    SLICE_X28Y82         FDRE                                         r  u_input_controller/db_left/sync_0_reg/D
  -------------------------------------------------------------------    -------------------

                         (clock clk_sys rise edge)    0.000     0.000 r  
    E3                                                0.000     0.000 r  i_clk (IN)
                         net (fo=0)                   0.000     0.000    i_clk
    E3                   IBUF (Prop_ibuf_I_O)         1.411     1.411 r  i_clk_IBUF_inst/O
                         net (fo=1, routed)           1.162     2.573    i_clk_IBUF
    MMCME2_ADV_X1Y2      MMCME2_ADV (Prop_mmcme2_adv_CLKIN1_CLKOUT0)
                                                     -7.324    -4.751 r  u_mmcm/CLKOUT0
                         net (fo=1, routed)           1.639    -3.112    clk_sys_mmcm
    BUFGCTRL_X0Y16       BUFG (Prop_bufg_I_O)         0.091    -3.021 r  u_clk_sys_buf/O
                         net (fo=3365, routed)        1.513    -1.507    u_input_controller/db_left/clk_sys
    SLICE_X28Y82         FDRE                                         r  u_input_controller/db_left/sync_0_reg/C

Slack:                    inf
  Source:                 i_pmod_btn_pause
                            (input port)
  Destination:            u_input_controller/db_pause/sync_0_reg/D
                            (rising edge-triggered cell FDRE clocked by clk_sys  {rise@0.000ns fall@10.000ns period=20.000ns})
  Path Group:             (none)
  Path Type:              Setup (Max at Slow Process Corner)
  Data Path Delay:        4.309ns  (logic 1.605ns (37.257%)  route 2.704ns (62.743%))
  Logic Levels:           2  (IBUF=1 LUT1=1)
  Clock Path Skew:        -1.504ns (DCD - SCD + CPR)
    Destination Clock Delay (DCD):    -1.504ns
    Source Clock Delay      (SCD):    0.000ns
    Clock Pessimism Removal (CPR):    0.000ns
  Clock Uncertainty:      0.199ns  ((TSJ^2 + DJ^2)^1/2) / 2 + PE
    Total System Jitter     (TSJ):    0.050ns
    Discrete Jitter          (DJ):    0.163ns
    Phase Error              (PE):    0.114ns

    Location             Delay type                Incr(ns)  Path(ns)    Netlist Resource(s)
  -------------------------------------------------------------------    -------------------
    D17                                               0.000     0.000 f  i_pmod_btn_pause (IN)
                         net (fo=0)                   0.000     0.000    i_pmod_btn_pause
    D17                  IBUF (Prop_ibuf_I_O)         1.481     1.481 f  i_pmod_btn_pause_IBUF_inst/O
                         net (fo=1, routed)           2.704     4.185    u_input_controller/db_pause/i_pmod_btn_pause_IBUF
    SLICE_X28Y86         LUT1 (Prop_lut1_I0_O)        0.124     4.309 r  u_input_controller/db_pause/sync_0_i_1__5/O
                         net (fo=1, routed)           0.000     4.309    u_input_controller/db_pause/btn_pause_level
    SLICE_X28Y86         FDRE                                         r  u_input_controller/db_pause/sync_0_reg/D
  -------------------------------------------------------------------    -------------------

                         (clock clk_sys rise edge)    0.000     0.000 r  
    E3                                                0.000     0.000 r  i_clk (IN)
                         net (fo=0)                   0.000     0.000    i_clk
    E3                   IBUF (Prop_ibuf_I_O)         1.411     1.411 r  i_clk_IBUF_inst/O
                         net (fo=1, routed)           1.162     2.573    i_clk_IBUF
    MMCME2_ADV_X1Y2      MMCME2_ADV (Prop_mmcme2_adv_CLKIN1_CLKOUT0)
                                                     -7.324    -4.751 r  u_mmcm/CLKOUT0
                         net (fo=1, routed)           1.639    -3.112    clk_sys_mmcm
    BUFGCTRL_X0Y16       BUFG (Prop_bufg_I_O)         0.091    -3.021 r  u_clk_sys_buf/O
                         net (fo=3365, routed)        1.516    -1.504    u_input_controller/db_pause/clk_sys
    SLICE_X28Y86         FDRE                                         r  u_input_controller/db_pause/sync_0_reg/C

Slack:                    inf
  Source:                 i_pmod_btn_right
                            (input port)
  Destination:            u_input_controller/db_right/sync_0_reg/D
                            (rising edge-triggered cell FDRE clocked by clk_sys  {rise@0.000ns fall@10.000ns period=20.000ns})
  Path Group:             (none)
  Path Type:              Setup (Max at Slow Process Corner)
  Data Path Delay:        4.303ns  (logic 1.624ns (37.754%)  route 2.678ns (62.246%))
  Logic Levels:           2  (IBUF=1 LUT2=1)
  Clock Path Skew:        -1.507ns (DCD - SCD + CPR)
    Destination Clock Delay (DCD):    -1.507ns
    Source Clock Delay      (SCD):    0.000ns
    Clock Pessimism Removal (CPR):    0.000ns
  Clock Uncertainty:      0.199ns  ((TSJ^2 + DJ^2)^1/2) / 2 + PE
    Total System Jitter     (TSJ):    0.050ns
    Discrete Jitter          (DJ):    0.163ns
    Phase Error              (PE):    0.114ns

    Location             Delay type                Incr(ns)  Path(ns)    Netlist Resource(s)
  -------------------------------------------------------------------    -------------------
    D18                                               0.000     0.000 f  i_pmod_btn_right (IN)
                         net (fo=0)                   0.000     0.000    i_pmod_btn_right
    D18                  IBUF (Prop_ibuf_I_O)         1.500     1.500 f  i_pmod_btn_right_IBUF_inst/O
                         net (fo=1, routed)           2.678     4.179    u_input_controller/db_right/i_pmod_btn_right_IBUF
    SLICE_X28Y82         LUT2 (Prop_lut2_I1_O)        0.124     4.303 r  u_input_controller/db_right/sync_0_i_1__0/O
                         net (fo=1, routed)           0.000     4.303    u_input_controller/db_right/btn_right_level
    SLICE_X28Y82         FDRE                                         r  u_input_controller/db_right/sync_0_reg/D
  -------------------------------------------------------------------    -------------------

                         (clock clk_sys rise edge)    0.000     0.000 r  
    E3                                                0.000     0.000 r  i_clk (IN)
                         net (fo=0)                   0.000     0.000    i_clk
    E3                   IBUF (Prop_ibuf_I_O)         1.411     1.411 r  i_clk_IBUF_inst/O
                         net (fo=1, routed)           1.162     2.573    i_clk_IBUF
    MMCME2_ADV_X1Y2      MMCME2_ADV (Prop_mmcme2_adv_CLKIN1_CLKOUT0)
                                                     -7.324    -4.751 r  u_mmcm/CLKOUT0
                         net (fo=1, routed)           1.639    -3.112    clk_sys_mmcm
    BUFGCTRL_X0Y16       BUFG (Prop_bufg_I_O)         0.091    -3.021 r  u_clk_sys_buf/O
                         net (fo=3365, routed)        1.513    -1.507    u_input_controller/db_right/clk_sys
    SLICE_X28Y82         FDRE                                         r  u_input_controller/db_right/sync_0_reg/C

Slack:                    inf
  Source:                 i_pmod_btn_hard
                            (input port)
  Destination:            u_input_controller/db_hard/sync_0_reg/D
                            (rising edge-triggered cell FDRE clocked by clk_sys  {rise@0.000ns fall@10.000ns period=20.000ns})
  Path Group:             (none)
  Path Type:              Setup (Max at Slow Process Corner)
  Data Path Delay:        4.294ns  (logic 1.590ns (37.035%)  route 2.704ns (62.965%))
  Logic Levels:           2  (IBUF=1 LUT2=1)
  Clock Path Skew:        -1.507ns (DCD - SCD + CPR)
    Destination Clock Delay (DCD):    -1.507ns
    Source Clock Delay      (SCD):    0.000ns
    Clock Pessimism Removal (CPR):    0.000ns
  Clock Uncertainty:      0.199ns  ((TSJ^2 + DJ^2)^1/2) / 2 + PE
    Total System Jitter     (TSJ):    0.050ns
    Discrete Jitter          (DJ):    0.163ns
    Phase Error              (PE):    0.114ns

    Location             Delay type                Incr(ns)  Path(ns)    Netlist Resource(s)
  -------------------------------------------------------------------    -------------------
    G17                                               0.000     0.000 f  i_pmod_btn_hard (IN)
                         net (fo=0)                   0.000     0.000    i_pmod_btn_hard
    G17                  IBUF (Prop_ibuf_I_O)         1.466     1.466 f  i_pmod_btn_hard_IBUF_inst/O
                         net (fo=1, routed)           2.704     4.170    u_input_controller/db_hard/i_pmod_btn_hard_IBUF
    SLICE_X28Y82         LUT2 (Prop_lut2_I1_O)        0.124     4.294 r  u_input_controller/db_hard/sync_0_i_1__2/O
                         net (fo=1, routed)           0.000     4.294    u_input_controller/db_hard/btn_hard_level
    SLICE_X28Y82         FDRE                                         r  u_input_controller/db_hard/sync_0_reg/D
  -------------------------------------------------------------------    -------------------

                         (clock clk_sys rise edge)    0.000     0.000 r  
    E3                                                0.000     0.000 r  i_clk (IN)
                         net (fo=0)                   0.000     0.000    i_clk
    E3                   IBUF (Prop_ibuf_I_O)         1.411     1.411 r  i_clk_IBUF_inst/O
                         net (fo=1, routed)           1.162     2.573    i_clk_IBUF
    MMCME2_ADV_X1Y2      MMCME2_ADV (Prop_mmcme2_adv_CLKIN1_CLKOUT0)
                                                     -7.324    -4.751 r  u_mmcm/CLKOUT0
                         net (fo=1, routed)           1.639    -3.112    clk_sys_mmcm
    BUFGCTRL_X0Y16       BUFG (Prop_bufg_I_O)         0.091    -3.021 r  u_clk_sys_buf/O
                         net (fo=3365, routed)        1.513    -1.507    u_input_controller/db_hard/clk_sys
    SLICE_X28Y82         FDRE                                         r  u_input_controller/db_hard/sync_0_reg/C

Slack:                    inf
  Source:                 i_pmod_btn_rotate
                            (input port)
  Destination:            u_input_controller/db_rotate/sync_0_reg/D
                            (rising edge-triggered cell FDRE clocked by clk_sys  {rise@0.000ns fall@10.000ns period=20.000ns})
  Path Group:             (none)
  Path Type:              Setup (Max at Slow Process Corner)
  Data Path Delay:        4.123ns  (logic 1.607ns (38.976%)  route 2.516ns (61.024%))
  Logic Levels:           2  (IBUF=1 LUT2=1)
  Clock Path Skew:        -1.500ns (DCD - SCD + CPR)
    Destination Clock Delay (DCD):    -1.500ns
    Source Clock Delay      (SCD):    0.000ns
    Clock Pessimism Removal (CPR):    0.000ns
  Clock Uncertainty:      0.199ns  ((TSJ^2 + DJ^2)^1/2) / 2 + PE
    Total System Jitter     (TSJ):    0.050ns
    Discrete Jitter          (DJ):    0.163ns
    Phase Error              (PE):    0.114ns

    Location             Delay type                Incr(ns)  Path(ns)    Netlist Resource(s)
  -------------------------------------------------------------------    -------------------
    E17                                               0.000     0.000 f  i_pmod_btn_rotate (IN)
                         net (fo=0)                   0.000     0.000    i_pmod_btn_rotate
    E17                  IBUF (Prop_ibuf_I_O)         1.483     1.483 f  i_pmod_btn_rotate_IBUF_inst/O
                         net (fo=1, routed)           2.516     3.999    u_input_controller/db_rotate/i_pmod_btn_rotate_IBUF
    SLICE_X29Y91         LUT2 (Prop_lut2_I1_O)        0.124     4.123 r  u_input_controller/db_rotate/sync_0_i_1__1/O
                         net (fo=1, routed)           0.000     4.123    u_input_controller/db_rotate/btn_rotate_level
    SLICE_X29Y91         FDRE                                         r  u_input_controller/db_rotate/sync_0_reg/D
  -------------------------------------------------------------------    -------------------

                         (clock clk_sys rise edge)    0.000     0.000 r  
    E3                                                0.000     0.000 r  i_clk (IN)
                         net (fo=0)                   0.000     0.000    i_clk
    E3                   IBUF (Prop_ibuf_I_O)         1.411     1.411 r  i_clk_IBUF_inst/O
                         net (fo=1, routed)           1.162     2.573    i_clk_IBUF
    MMCME2_ADV_X1Y2      MMCME2_ADV (Prop_mmcme2_adv_CLKIN1_CLKOUT0)
                                                     -7.324    -4.751 r  u_mmcm/CLKOUT0
                         net (fo=1, routed)           1.639    -3.112    clk_sys_mmcm
    BUFGCTRL_X0Y16       BUFG (Prop_bufg_I_O)         0.091    -3.021 r  u_clk_sys_buf/O
                         net (fo=3365, routed)        1.520    -1.500    u_input_controller/db_rotate/clk_sys
    SLICE_X29Y91         FDRE                                         r  u_input_controller/db_rotate/sync_0_reg/C

Slack:                    inf
  Source:                 i_pmod_btn_soft
                            (input port)
  Destination:            u_input_controller/db_soft/sync_0_reg/D
                            (rising edge-triggered cell FDRE clocked by clk_sys  {rise@0.000ns fall@10.000ns period=20.000ns})
  Path Group:             (none)
  Path Type:              Setup (Max at Slow Process Corner)
  Data Path Delay:        4.030ns  (logic 1.617ns (40.121%)  route 2.413ns (59.879%))
  Logic Levels:           2  (IBUF=1 LUT1=1)
  Clock Path Skew:        -1.500ns (DCD - SCD + CPR)
    Destination Clock Delay (DCD):    -1.500ns
    Source Clock Delay      (SCD):    0.000ns
    Clock Pessimism Removal (CPR):    0.000ns
  Clock Uncertainty:      0.199ns  ((TSJ^2 + DJ^2)^1/2) / 2 + PE
    Total System Jitter     (TSJ):    0.050ns
    Discrete Jitter          (DJ):    0.163ns
    Phase Error              (PE):    0.114ns

    Location             Delay type                Incr(ns)  Path(ns)    Netlist Resource(s)
  -------------------------------------------------------------------    -------------------
    E18                                               0.000     0.000 f  i_pmod_btn_soft (IN)
                         net (fo=0)                   0.000     0.000    i_pmod_btn_soft
    E18                  IBUF (Prop_ibuf_I_O)         1.493     1.493 f  i_pmod_btn_soft_IBUF_inst/O
                         net (fo=1, routed)           2.413     3.906    u_input_controller/db_soft/i_pmod_btn_soft_IBUF
    SLICE_X29Y92         LUT1 (Prop_lut1_I0_O)        0.124     4.030 r  u_input_controller/db_soft/sync_0_i_1__3/O
                         net (fo=1, routed)           0.000     4.030    u_input_controller/db_soft/btn_soft_level
    SLICE_X29Y92         FDRE                                         r  u_input_controller/db_soft/sync_0_reg/D
  -------------------------------------------------------------------    -------------------

                         (clock clk_sys rise edge)    0.000     0.000 r  
    E3                                                0.000     0.000 r  i_clk (IN)
                         net (fo=0)                   0.000     0.000    i_clk
    E3                   IBUF (Prop_ibuf_I_O)         1.411     1.411 r  i_clk_IBUF_inst/O
                         net (fo=1, routed)           1.162     2.573    i_clk_IBUF
    MMCME2_ADV_X1Y2      MMCME2_ADV (Prop_mmcme2_adv_CLKIN1_CLKOUT0)
                                                     -7.324    -4.751 r  u_mmcm/CLKOUT0
                         net (fo=1, routed)           1.639    -3.112    clk_sys_mmcm
    BUFGCTRL_X0Y16       BUFG (Prop_bufg_I_O)         0.091    -3.021 r  u_clk_sys_buf/O
                         net (fo=3365, routed)        1.520    -1.500    u_input_controller/db_soft/clk_sys
    SLICE_X29Y92         FDRE                                         r  u_input_controller/db_soft/sync_0_reg/C

Slack:                    inf
  Source:                 i_pmod_btn_swap
                            (input port)
  Destination:            u_input_controller/db_swap/sync_0_reg/D
                            (rising edge-triggered cell FDRE clocked by clk_sys  {rise@0.000ns fall@10.000ns period=20.000ns})
  Path Group:             (none)
  Path Type:              Setup (Max at Slow Process Corner)
  Data Path Delay:        4.020ns  (logic 1.607ns (39.977%)  route 2.413ns (60.023%))
  Logic Levels:           2  (IBUF=1 LUT1=1)
  Clock Path Skew:        -1.503ns (DCD - SCD + CPR)
    Destination Clock Delay (DCD):    -1.503ns
    Source Clock Delay      (SCD):    0.000ns
    Clock Pessimism Removal (CPR):    0.000ns
  Clock Uncertainty:      0.199ns  ((TSJ^2 + DJ^2)^1/2) / 2 + PE
    Total System Jitter     (TSJ):    0.050ns
    Discrete Jitter          (DJ):    0.163ns
    Phase Error              (PE):    0.114ns

    Location             Delay type                Incr(ns)  Path(ns)    Netlist Resource(s)
  -------------------------------------------------------------------    -------------------
    F18                                               0.000     0.000 f  i_pmod_btn_swap (IN)
                         net (fo=0)                   0.000     0.000    i_pmod_btn_swap
    F18                  IBUF (Prop_ibuf_I_O)         1.483     1.483 f  i_pmod_btn_swap_IBUF_inst/O
                         net (fo=1, routed)           2.413     3.896    u_input_controller/db_swap/i_pmod_btn_swap_IBUF
    SLICE_X31Y88         LUT1 (Prop_lut1_I0_O)        0.124     4.020 r  u_input_controller/db_swap/sync_0_i_1__4/O
                         net (fo=1, routed)           0.000     4.020    u_input_controller/db_swap/btn_swap_level
    SLICE_X31Y88         FDRE                                         r  u_input_controller/db_swap/sync_0_reg/D
  -------------------------------------------------------------------    -------------------

                         (clock clk_sys rise edge)    0.000     0.000 r  
    E3                                                0.000     0.000 r  i_clk (IN)
                         net (fo=0)                   0.000     0.000    i_clk
    E3                   IBUF (Prop_ibuf_I_O)         1.411     1.411 r  i_clk_IBUF_inst/O
                         net (fo=1, routed)           1.162     2.573    i_clk_IBUF
    MMCME2_ADV_X1Y2      MMCME2_ADV (Prop_mmcme2_adv_CLKIN1_CLKOUT0)
                                                     -7.324    -4.751 r  u_mmcm/CLKOUT0
                         net (fo=1, routed)           1.639    -3.112    clk_sys_mmcm
    BUFGCTRL_X0Y16       BUFG (Prop_bufg_I_O)         0.091    -3.021 r  u_clk_sys_buf/O
                         net (fo=3365, routed)        1.517    -1.503    u_input_controller/db_swap/clk_sys
    SLICE_X31Y88         FDRE                                         r  u_input_controller/db_swap/sync_0_reg/C





Min Delay Paths
--------------------------------------------------------------------------------------
Slack:                    inf
  Source:                 i_btn_rotate
                            (input port)
  Destination:            u_input_controller/db_rotate/sync_0_reg/D
                            (rising edge-triggered cell FDRE clocked by clk_sys  {rise@0.000ns fall@10.000ns period=20.000ns})
  Path Group:             (none)
  Path Type:              Hold (Min at Fast Process Corner)
  Data Path Delay:        1.139ns  (logic 0.299ns (26.224%)  route 0.840ns (73.776%))
  Logic Levels:           2  (IBUF=1 LUT2=1)
  Clock Path Skew:        -0.832ns (DCD - SCD - CPR)
    Destination Clock Delay (DCD):    -0.832ns
    Source Clock Delay      (SCD):    0.000ns
    Clock Pessimism Removal (CPR):    -0.000ns

    Location             Delay type                Incr(ns)  Path(ns)    Netlist Resource(s)
  -------------------------------------------------------------------    -------------------
    M18                                               0.000     0.000 r  i_btn_rotate (IN)
                         net (fo=0)                   0.000     0.000    i_btn_rotate
    M18                  IBUF (Prop_ibuf_I_O)         0.254     0.254 r  i_btn_rotate_IBUF_inst/O
                         net (fo=1, routed)           0.840     1.094    u_input_controller/db_rotate/i_btn_rotate_IBUF
    SLICE_X29Y91         LUT2 (Prop_lut2_I0_O)        0.045     1.139 r  u_input_controller/db_rotate/sync_0_i_1__1/O
                         net (fo=1, routed)           0.000     1.139    u_input_controller/db_rotate/btn_rotate_level
    SLICE_X29Y91         FDRE                                         r  u_input_controller/db_rotate/sync_0_reg/D
  -------------------------------------------------------------------    -------------------

                         (clock clk_sys rise edge)    0.000     0.000 r  
    E3                                                0.000     0.000 r  i_clk (IN)
                         net (fo=0)                   0.000     0.000    i_clk
    E3                   IBUF (Prop_ibuf_I_O)         0.438     0.438 r  i_clk_IBUF_inst/O
                         net (fo=1, routed)           0.480     0.918    i_clk_IBUF
    MMCME2_ADV_X1Y2      MMCME2_ADV (Prop_mmcme2_adv_CLKIN1_CLKOUT0)
                                                     -3.163    -2.245 r  u_mmcm/CLKOUT0
                         net (fo=1, routed)           0.544    -1.702    clk_sys_mmcm
    BUFGCTRL_X0Y16       BUFG (Prop_bufg_I_O)         0.029    -1.673 r  u_clk_sys_buf/O
                         net (fo=3365, routed)        0.841    -0.832    u_input_controller/db_rotate/clk_sys
    SLICE_X29Y91         FDRE                                         r  u_input_controller/db_rotate/sync_0_reg/C

Slack:                    inf
  Source:                 i_btn_hard
                            (input port)
  Destination:            u_input_controller/db_hard/sync_0_reg/D
                            (rising edge-triggered cell FDRE clocked by clk_sys  {rise@0.000ns fall@10.000ns period=20.000ns})
  Path Group:             (none)
  Path Type:              Hold (Min at Fast Process Corner)
  Data Path Delay:        1.149ns  (logic 0.293ns (25.496%)  route 0.856ns (74.504%))
  Logic Levels:           2  (IBUF=1 LUT2=1)
  Clock Path Skew:        -0.839ns (DCD - SCD - CPR)
    Destination Clock Delay (DCD):    -0.839ns
    Source Clock Delay      (SCD):    0.000ns
    Clock Pessimism Removal (CPR):    -0.000ns

    Location             Delay type                Incr(ns)  Path(ns)    Netlist Resource(s)
  -------------------------------------------------------------------    -------------------
    P18                                               0.000     0.000 r  i_btn_hard (IN)
                         net (fo=0)                   0.000     0.000    i_btn_hard
    P18                  IBUF (Prop_ibuf_I_O)         0.248     0.248 r  i_btn_hard_IBUF_inst/O
                         net (fo=1, routed)           0.856     1.104    u_input_controller/db_hard/i_btn_hard_IBUF
    SLICE_X28Y82         LUT2 (Prop_lut2_I0_O)        0.045     1.149 r  u_input_controller/db_hard/sync_0_i_1__2/O
                         net (fo=1, routed)           0.000     1.149    u_input_controller/db_hard/btn_hard_level
    SLICE_X28Y82         FDRE                                         r  u_input_controller/db_hard/sync_0_reg/D
  -------------------------------------------------------------------    -------------------

                         (clock clk_sys rise edge)    0.000     0.000 r  
    E3                                                0.000     0.000 r  i_clk (IN)
                         net (fo=0)                   0.000     0.000    i_clk
    E3                   IBUF (Prop_ibuf_I_O)         0.438     0.438 r  i_clk_IBUF_inst/O
                         net (fo=1, routed)           0.480     0.918    i_clk_IBUF
    MMCME2_ADV_X1Y2      MMCME2_ADV (Prop_mmcme2_adv_CLKIN1_CLKOUT0)
                                                     -3.163    -2.245 r  u_mmcm/CLKOUT0
                         net (fo=1, routed)           0.544    -1.702    clk_sys_mmcm
    BUFGCTRL_X0Y16       BUFG (Prop_bufg_I_O)         0.029    -1.673 r  u_clk_sys_buf/O
                         net (fo=3365, routed)        0.834    -0.839    u_input_controller/db_hard/clk_sys
    SLICE_X28Y82         FDRE                                         r  u_input_controller/db_hard/sync_0_reg/C

Slack:                    inf
  Source:                 i_btn_right
                            (input port)
  Destination:            u_input_controller/db_right/sync_0_reg/D
                            (rising edge-triggered cell FDRE clocked by clk_sys  {rise@0.000ns fall@10.000ns period=20.000ns})
  Path Group:             (none)
  Path Type:              Hold (Min at Fast Process Corner)
  Data Path Delay:        1.243ns  (logic 0.280ns (22.553%)  route 0.963ns (77.447%))
  Logic Levels:           2  (IBUF=1 LUT2=1)
  Clock Path Skew:        -0.839ns (DCD - SCD - CPR)
    Destination Clock Delay (DCD):    -0.839ns
    Source Clock Delay      (SCD):    0.000ns
    Clock Pessimism Removal (CPR):    -0.000ns

    Location             Delay type                Incr(ns)  Path(ns)    Netlist Resource(s)
  -------------------------------------------------------------------    -------------------
    M17                                               0.000     0.000 r  i_btn_right (IN)
                         net (fo=0)                   0.000     0.000    i_btn_right
    M17                  IBUF (Prop_ibuf_I_O)         0.235     0.235 r  i_btn_right_IBUF_inst/O
                         net (fo=1, routed)           0.963     1.198    u_input_controller/db_right/i_btn_right_IBUF
    SLICE_X28Y82         LUT2 (Prop_lut2_I0_O)        0.045     1.243 r  u_input_controller/db_right/sync_0_i_1__0/O
                         net (fo=1, routed)           0.000     1.243    u_input_controller/db_right/btn_right_level
    SLICE_X28Y82         FDRE                                         r  u_input_controller/db_right/sync_0_reg/D
  -------------------------------------------------------------------    -------------------

                         (clock clk_sys rise edge)    0.000     0.000 r  
    E3                                                0.000     0.000 r  i_clk (IN)
                         net (fo=0)                   0.000     0.000    i_clk
    E3                   IBUF (Prop_ibuf_I_O)         0.438     0.438 r  i_clk_IBUF_inst/O
                         net (fo=1, routed)           0.480     0.918    i_clk_IBUF
    MMCME2_ADV_X1Y2      MMCME2_ADV (Prop_mmcme2_adv_CLKIN1_CLKOUT0)
                                                     -3.163    -2.245 r  u_mmcm/CLKOUT0
                         net (fo=1, routed)           0.544    -1.702    clk_sys_mmcm
    BUFGCTRL_X0Y16       BUFG (Prop_bufg_I_O)         0.029    -1.673 r  u_clk_sys_buf/O
                         net (fo=3365, routed)        0.834    -0.839    u_input_controller/db_right/clk_sys
    SLICE_X28Y82         FDRE                                         r  u_input_controller/db_right/sync_0_reg/C

Slack:                    inf
  Source:                 i_pmod_btn_soft
                            (input port)
  Destination:            u_input_controller/db_soft/sync_0_reg/D
                            (rising edge-triggered cell FDRE clocked by clk_sys  {rise@0.000ns fall@10.000ns period=20.000ns})
  Path Group:             (none)
  Path Type:              Hold (Min at Fast Process Corner)
  Data Path Delay:        1.297ns  (logic 0.306ns (23.572%)  route 0.991ns (76.428%))
  Logic Levels:           2  (IBUF=1 LUT1=1)
  Clock Path Skew:        -0.832ns (DCD - SCD - CPR)
    Destination Clock Delay (DCD):    -0.832ns
    Source Clock Delay      (SCD):    0.000ns
    Clock Pessimism Removal (CPR):    -0.000ns

    Location             Delay type                Incr(ns)  Path(ns)    Netlist Resource(s)
  -------------------------------------------------------------------    -------------------
    E18                                               0.000     0.000 f  i_pmod_btn_soft (IN)
                         net (fo=0)                   0.000     0.000    i_pmod_btn_soft
    E18                  IBUF (Prop_ibuf_I_O)         0.261     0.261 f  i_pmod_btn_soft_IBUF_inst/O
                         net (fo=1, routed)           0.991     1.252    u_input_controller/db_soft/i_pmod_btn_soft_IBUF
    SLICE_X29Y92         LUT1 (Prop_lut1_I0_O)        0.045     1.297 r  u_input_controller/db_soft/sync_0_i_1__3/O
                         net (fo=1, routed)           0.000     1.297    u_input_controller/db_soft/btn_soft_level
    SLICE_X29Y92         FDRE                                         r  u_input_controller/db_soft/sync_0_reg/D
  -------------------------------------------------------------------    -------------------

                         (clock clk_sys rise edge)    0.000     0.000 r  
    E3                                                0.000     0.000 r  i_clk (IN)
                         net (fo=0)                   0.000     0.000    i_clk
    E3                   IBUF (Prop_ibuf_I_O)         0.438     0.438 r  i_clk_IBUF_inst/O
                         net (fo=1, routed)           0.480     0.918    i_clk_IBUF
    MMCME2_ADV_X1Y2      MMCME2_ADV (Prop_mmcme2_adv_CLKIN1_CLKOUT0)
                                                     -3.163    -2.245 r  u_mmcm/CLKOUT0
                         net (fo=1, routed)           0.544    -1.702    clk_sys_mmcm
    BUFGCTRL_X0Y16       BUFG (Prop_bufg_I_O)         0.029    -1.673 r  u_clk_sys_buf/O
                         net (fo=3365, routed)        0.841    -0.832    u_input_controller/db_soft/clk_sys
    SLICE_X29Y92         FDRE                                         r  u_input_controller/db_soft/sync_0_reg/C

Slack:                    inf
  Source:                 i_btn_left
                            (input port)
  Destination:            u_input_controller/db_left/sync_0_reg/D
                            (rising edge-triggered cell FDRE clocked by clk_sys  {rise@0.000ns fall@10.000ns period=20.000ns})
  Path Group:             (none)
  Path Type:              Hold (Min at Fast Process Corner)
  Data Path Delay:        1.311ns  (logic 0.301ns (22.932%)  route 1.010ns (77.068%))
  Logic Levels:           2  (IBUF=1 LUT2=1)
  Clock Path Skew:        -0.839ns (DCD - SCD - CPR)
    Destination Clock Delay (DCD):    -0.839ns
    Source Clock Delay      (SCD):    0.000ns
    Clock Pessimism Removal (CPR):    -0.000ns

    Location             Delay type                Incr(ns)  Path(ns)    Netlist Resource(s)
  -------------------------------------------------------------------    -------------------
    P17                                               0.000     0.000 r  i_btn_left (IN)
                         net (fo=0)                   0.000     0.000    i_btn_left
    P17                  IBUF (Prop_ibuf_I_O)         0.256     0.256 r  i_btn_left_IBUF_inst/O
                         net (fo=1, routed)           1.010     1.266    u_input_controller/db_left/i_btn_left_IBUF
    SLICE_X28Y82         LUT2 (Prop_lut2_I0_O)        0.045     1.311 r  u_input_controller/db_left/sync_0_i_1/O
                         net (fo=1, routed)           0.000     1.311    u_input_controller/db_left/btn_left_level
    SLICE_X28Y82         FDRE                                         r  u_input_controller/db_left/sync_0_reg/D
  -------------------------------------------------------------------    -------------------

                         (clock clk_sys rise edge)    0.000     0.000 r  
    E3                                                0.000     0.000 r  i_clk (IN)
                         net (fo=0)                   0.000     0.000    i_clk
    E3                   IBUF (Prop_ibuf_I_O)         0.438     0.438 r  i_clk_IBUF_inst/O
                         net (fo=1, routed)           0.480     0.918    i_clk_IBUF
    MMCME2_ADV_X1Y2      MMCME2_ADV (Prop_mmcme2_adv_CLKIN1_CLKOUT0)
                                                     -3.163    -2.245 r  u_mmcm/CLKOUT0
                         net (fo=1, routed)           0.544    -1.702    clk_sys_mmcm
    BUFGCTRL_X0Y16       BUFG (Prop_bufg_I_O)         0.029    -1.673 r  u_clk_sys_buf/O
                         net (fo=3365, routed)        0.834    -0.839    u_input_controller/db_left/clk_sys
    SLICE_X28Y82         FDRE                                         r  u_input_controller/db_left/sync_0_reg/C

Slack:                    inf
  Source:                 i_pmod_btn_swap
                            (input port)
  Destination:            u_input_controller/db_swap/sync_0_reg/D
                            (rising edge-triggered cell FDRE clocked by clk_sys  {rise@0.000ns fall@10.000ns period=20.000ns})
  Path Group:             (none)
  Path Type:              Hold (Min at Fast Process Corner)
  Data Path Delay:        1.371ns  (logic 0.296ns (21.563%)  route 1.076ns (78.437%))
  Logic Levels:           2  (IBUF=1 LUT1=1)
  Clock Path Skew:        -0.833ns (DCD - SCD - CPR)
    Destination Clock Delay (DCD):    -0.833ns
    Source Clock Delay      (SCD):    0.000ns
    Clock Pessimism Removal (CPR):    -0.000ns

    Location             Delay type                Incr(ns)  Path(ns)    Netlist Resource(s)
  -------------------------------------------------------------------    -------------------
    F18                                               0.000     0.000 f  i_pmod_btn_swap (IN)
                         net (fo=0)                   0.000     0.000    i_pmod_btn_swap
    F18                  IBUF (Prop_ibuf_I_O)         0.251     0.251 f  i_pmod_btn_swap_IBUF_inst/O
                         net (fo=1, routed)           1.076     1.326    u_input_controller/db_swap/i_pmod_btn_swap_IBUF
    SLICE_X31Y88         LUT1 (Prop_lut1_I0_O)        0.045     1.371 r  u_input_controller/db_swap/sync_0_i_1__4/O
                         net (fo=1, routed)           0.000     1.371    u_input_controller/db_swap/btn_swap_level
    SLICE_X31Y88         FDRE                                         r  u_input_controller/db_swap/sync_0_reg/D
  -------------------------------------------------------------------    -------------------

                         (clock clk_sys rise edge)    0.000     0.000 r  
    E3                                                0.000     0.000 r  i_clk (IN)
                         net (fo=0)                   0.000     0.000    i_clk
    E3                   IBUF (Prop_ibuf_I_O)         0.438     0.438 r  i_clk_IBUF_inst/O
                         net (fo=1, routed)           0.480     0.918    i_clk_IBUF
    MMCME2_ADV_X1Y2      MMCME2_ADV (Prop_mmcme2_adv_CLKIN1_CLKOUT0)
                                                     -3.163    -2.245 r  u_mmcm/CLKOUT0
                         net (fo=1, routed)           0.544    -1.702    clk_sys_mmcm
    BUFGCTRL_X0Y16       BUFG (Prop_bufg_I_O)         0.029    -1.673 r  u_clk_sys_buf/O
                         net (fo=3365, routed)        0.840    -0.833    u_input_controller/db_swap/clk_sys
    SLICE_X31Y88         FDRE                                         r  u_input_controller/db_swap/sync_0_reg/C

Slack:                    inf
  Source:                 i_pmod_btn_pause
                            (input port)
  Destination:            u_input_controller/db_pause/sync_0_reg/D
                            (rising edge-triggered cell FDRE clocked by clk_sys  {rise@0.000ns fall@10.000ns period=20.000ns})
  Path Group:             (none)
  Path Type:              Hold (Min at Fast Process Corner)
  Data Path Delay:        1.423ns  (logic 0.294ns (20.681%)  route 1.129ns (79.319%))
  Logic Levels:           2  (IBUF=1 LUT1=1)
  Clock Path Skew:        -0.836ns (DCD - SCD - CPR)
    Destination Clock Delay (DCD):    -0.836ns
    Source Clock Delay      (SCD):    0.000ns
    Clock Pessimism Removal (CPR):    -0.000ns

    Location             Delay type                Incr(ns)  Path(ns)    Netlist Resource(s)
  -------------------------------------------------------------------    -------------------
    D17                                               0.000     0.000 f  i_pmod_btn_pause (IN)
                         net (fo=0)                   0.000     0.000    i_pmod_btn_pause
    D17                  IBUF (Prop_ibuf_I_O)         0.249     0.249 f  i_pmod_btn_pause_IBUF_inst/O
                         net (fo=1, routed)           1.129     1.378    u_input_controller/db_pause/i_pmod_btn_pause_IBUF
    SLICE_X28Y86         LUT1 (Prop_lut1_I0_O)        0.045     1.423 r  u_input_controller/db_pause/sync_0_i_1__5/O
                         net (fo=1, routed)           0.000     1.423    u_input_controller/db_pause/btn_pause_level
    SLICE_X28Y86         FDRE                                         r  u_input_controller/db_pause/sync_0_reg/D
  -------------------------------------------------------------------    -------------------

                         (clock clk_sys rise edge)    0.000     0.000 r  
    E3                                                0.000     0.000 r  i_clk (IN)
                         net (fo=0)                   0.000     0.000    i_clk
    E3                   IBUF (Prop_ibuf_I_O)         0.438     0.438 r  i_clk_IBUF_inst/O
                         net (fo=1, routed)           0.480     0.918    i_clk_IBUF
    MMCME2_ADV_X1Y2      MMCME2_ADV (Prop_mmcme2_adv_CLKIN1_CLKOUT0)
                                                     -3.163    -2.245 r  u_mmcm/CLKOUT0
                         net (fo=1, routed)           0.544    -1.702    clk_sys_mmcm
    BUFGCTRL_X0Y16       BUFG (Prop_bufg_I_O)         0.029    -1.673 r  u_clk_sys_buf/O
                         net (fo=3365, routed)        0.837    -0.836    u_input_controller/db_pause/clk_sys
    SLICE_X28Y86         FDRE                                         r  u_input_controller/db_pause/sync_0_reg/C





